Device Label,Sensor Label,Value,Units,Time
"TR - IDEO CALI","01 - VOLTAJE AC DEL SISTEMA L1-L2","215.0","V","1/12/2025, 12:00:00 a. m."
"TR - IDEO CALI","01 - VOLTAJE AC DEL SISTEMA L1-L2","216.0","V","1/12/2025, 12:01:25 a. m."
"TR - IDEO CALI","01 - VOLTAJE AC DEL SISTEMA L1-L2","216.0","V","1/12/2025, 12:04:26 a. m."
"TR - IDEO CALI","01 - VOLTAJE AC DEL SISTEMA L1-L2","216.0","V","1/12/2025, 12:07:25 a. m."
"TR - IDEO CALI","01 - VOLTAJE AC DEL SISTEMA L1-L2","215.0","V","1/12/2025, 12:10:24 a. m."
"TR - IDEO CALI","01 - VOLTAJE AC DEL SISTEMA L1-L2","215.0","V","1/12/2025, 12:13:25 a. m."
"TR - IDEO CALI","01 - VOLTAJE AC DEL SISTEMA L1-L2","217.0","V","1/12/2025, 12:16:24 a. m."
"TR - IDEO CALI","01 - VOLTAJE AC DEL SISTEMA L1-L2","217.0","V","1/12/2025, 12:19:25 a. m."
"TR - IDEO CALI","01 - VOLTAJE AC DEL SISTEMA L1-L2","216.0","V","1/12/2025, 12:22:25 a. m."
"TR - IDEO CALI","01 - VOLTAJE AC DEL SISTEMA L1-L2","215.0","V","1/12/2025, 12:25:24 a. m."
"TR - IDEO CALI","01 - VOLTAJE AC DEL SISTEMA L1-L2","216.0","V","1/12/2025, 12:28:23 a. m."
"TR - IDEO CALI","01 - VOLTAJE AC DEL SISTEMA L1-L2","216.0","V","1/12/2025, 12:31:23 a. m."
"TR - IDEO CALI","01 - VOLTAJE AC DEL SISTEMA L1-L2","217.0","V","1/12/2025, 12:34:22 a. m."
"TR - IDEO CALI","01 - VOLTAJE AC DEL SISTEMA L1-L2","215.0","V","1/12/2025, 12:37:22 a. m."
"TR - IDEO CALI","01 - VOLTAJE AC DEL SISTEMA L1-L2","217.0","V","1/12/2025, 12:40:21 a. m."
"TR - IDEO CALI","01 - VOLTAJE AC DEL SISTEMA L1-L2","217.0","V","1/12/2025, 12:43:20 a. m."
"TR - IDEO CALI","01 - VOLTAJE AC DEL SISTEMA L1-L2","216.0","V","1/12/2025, 12:46:19 a. m."
"TR - IDEO CALI","01 - VOLTAJE AC DEL SISTEMA L1-L2","215.0","V","1/12/2025, 12:49:20 a. m."
"TR - IDEO CALI","01 - VOLTAJE AC DEL SISTEMA L1-L2","215.0","V","1/12/2025, 12:52:21 a. m."
"TR - IDEO CALI","01 - VOLTAJE AC DEL SISTEMA L1-L2","216.0","V","1/12/2025, 12:55:22 a. m."
"TR - IDEO CALI","01 - VOLTAJE AC DEL SISTEMA L1-L2","215.0","V","1/12/2025, 12:58:21 a. m."
"TR - IDEO CALI","01 - VOLTAJE AC DEL SISTEMA L1-L2","216.0","V","1/12/2025, 1:01:21 a. m."
"TR - IDEO CALI","01 - VOLTAJE AC DEL SISTEMA L1-L2","216.0","V","1/12/2025, 1:04:21 a. m."
"TR - IDEO CALI","01 - VOLTAJE AC DEL SISTEMA L1-L2","215.0","V","1/12/2025, 1:07:22 a. m."
"TR - IDEO CALI","01 - VOLTAJE AC DEL SISTEMA L1-L2","215.0","V","1/12/2025, 1:10:22 a. m."
"TR - IDEO CALI","01 - VOLTAJE AC DEL SISTEMA L1-L2","217.0","V","1/12/2025, 1:13:23 a. m."
"TR - IDEO CALI","01 - VOLTAJE AC DEL SISTEMA L1-L2","217.0","V","1/12/2025, 1:16:23 a. m."
"TR - IDEO CALI","01 - VOLTAJE AC DEL SISTEMA L1-L2","217.0","V","1/12/2025, 1:19:22 a. m."
"TR - IDEO CALI","01 - VOLTAJE AC DEL SISTEMA L1-L2","217.0","V","1/12/2025, 1:22:23 a. m."
"TR - IDEO CALI","01 - VOLTAJE AC DEL SISTEMA L1-L2","216.0","V","1/12/2025, 1:25:23 a. m."
"TR - IDEO CALI","01 - VOLTAJE AC DEL SISTEMA L1-L2","216.0","V","1/12/2025, 1:28:23 a. m."
"TR - IDEO CALI","01 - VOLTAJE AC DEL SISTEMA L1-L2","217.0","V","1/12/2025, 1:31:22 a. m."
"TR - IDEO CALI","01 - VOLTAJE AC DEL SISTEMA L1-L2","216.0","V","1/12/2025, 1:34:21 a. m."
"TR - IDEO CALI","01 - VOLTAJE AC DEL SISTEMA L1-L2","216.0","V","1/12/2025, 1:37:21 a. m."
"TR - IDEO CALI","01 - VOLTAJE AC DEL SISTEMA L1-L2","216.0","V","1/12/2025, 1:40:22 a. m."
"TR - IDEO CALI","01 - VOLTAJE AC DEL SISTEMA L1-L2","217.0","V","1/12/2025, 1:43:21 a. m."
"TR - IDEO CALI","01 - VOLTAJE AC DEL SISTEMA L1-L2","216.0","V","1/12/2025, 1:46:21 a. m."
"TR - IDEO CALI","01 - VOLTAJE AC DEL SISTEMA L1-L2","216.0","V","1/12/2025, 1:49:21 a. m."
"TR - IDEO CALI","01 - VOLTAJE AC DEL SISTEMA L1-L2","216.0","V","1/12/2025, 1:52:21 a. m."
"TR - IDEO CALI","01 - VOLTAJE AC DEL SISTEMA L1-L2","217.0","V","1/12/2025, 1:55:20 a. m."
"TR - IDEO CALI","01 - VOLTAJE AC DEL SISTEMA L1-L2","216.0","V","1/12/2025, 1:58:21 a. m."
"TR - IDEO CALI","01 - VOLTAJE AC DEL SISTEMA L1-L2","216.0","V","1/12/2025, 2:01:22 a. m."
"TR - IDEO CALI","01 - VOLTAJE AC DEL SISTEMA L1-L2","216.0","V","1/12/2025, 2:04:23 a. m."
"TR - IDEO CALI","01 - VOLTAJE AC DEL SISTEMA L1-L2","217.0","V","1/12/2025, 2:07:23 a. m."
"TR - IDEO CALI","01 - VOLTAJE AC DEL SISTEMA L1-L2","216.0","V","1/12/2025, 2:10:24 a. m."
"TR - IDEO CALI","01 - VOLTAJE AC DEL SISTEMA L1-L2","217.0","V","1/12/2025, 2:13:25 a. m."
"TR - IDEO CALI","01 - VOLTAJE AC DEL SISTEMA L1-L2","217.0","V","1/12/2025, 2:16:25 a. m."
"TR - IDEO CALI","01 - VOLTAJE AC DEL SISTEMA L1-L2","217.0","V","1/12/2025, 2:19:26 a. m."
"TR - IDEO CALI","01 - VOLTAJE AC DEL SISTEMA L1-L2","217.0","V","1/12/2025, 2:22:25 a. m."
"TR - IDEO CALI","01 - VOLTAJE AC DEL SISTEMA L1-L2","217.0","V","1/12/2025, 2:25:24 a. m."
"TR - IDEO CALI","01 - VOLTAJE AC DEL SISTEMA L1-L2","216.0","V","1/12/2025, 2:28:24 a. m."
"TR - IDEO CALI","01 - VOLTAJE AC DEL SISTEMA L1-L2","217.0","V","1/12/2025, 2:31:24 a. m."
"TR - IDEO CALI","01 - VOLTAJE AC DEL SISTEMA L1-L2","217.0","V","1/12/2025, 2:34:24 a. m."
"TR - IDEO CALI","01 - VOLTAJE AC DEL SISTEMA L1-L2","217.0","V","1/12/2025, 2:37:24 a. m."
"TR - IDEO CALI","01 - VOLTAJE AC DEL SISTEMA L1-L2","216.0","V","1/12/2025, 2:40:23 a. m."
"TR - IDEO CALI","01 - VOLTAJE AC DEL SISTEMA L1-L2","216.0","V","1/12/2025, 2:43:22 a. m."
"TR - IDEO CALI","01 - VOLTAJE AC DEL SISTEMA L1-L2","216.0","V","1/12/2025, 2:46:23 a. m."
"TR - IDEO CALI","01 - VOLTAJE AC DEL SISTEMA L1-L2","217.0","V","1/12/2025, 2:49:23 a. m."
"TR - IDEO CALI","01 - VOLTAJE AC DEL SISTEMA L1-L2","216.0","V","1/12/2025, 2:52:24 a. m."
"TR - IDEO CALI","01 - VOLTAJE AC DEL SISTEMA L1-L2","216.0","V","1/12/2025, 2:55:24 a. m."
"TR - IDEO CALI","01 - VOLTAJE AC DEL SISTEMA L1-L2","216.0","V","1/12/2025, 2:58:24 a. m."
"TR - IDEO CALI","01 - VOLTAJE AC DEL SISTEMA L1-L2","217.0","V","1/12/2025, 3:01:25 a. m."
"TR - IDEO CALI","01 - VOLTAJE AC DEL SISTEMA L1-L2","216.0","V","1/12/2025, 3:04:25 a. m."
"TR - IDEO CALI","01 - VOLTAJE AC DEL SISTEMA L1-L2","216.0","V","1/12/2025, 3:07:24 a. m."
"TR - IDEO CALI","01 - VOLTAJE AC DEL SISTEMA L1-L2","215.0","V","1/12/2025, 3:10:25 a. m."
"TR - IDEO CALI","01 - VOLTAJE AC DEL SISTEMA L1-L2","216.0","V","1/12/2025, 3:13:25 a. m."
"TR - IDEO CALI","01 - VOLTAJE AC DEL SISTEMA L1-L2","216.0","V","1/12/2025, 3:16:24 a. m."
"TR - IDEO CALI","01 - VOLTAJE AC DEL SISTEMA L1-L2","217.0","V","1/12/2025, 3:19:24 a. m."
"TR - IDEO CALI","01 - VOLTAJE AC DEL SISTEMA L1-L2","217.0","V","1/12/2025, 3:22:24 a. m."
"TR - IDEO CALI","01 - VOLTAJE AC DEL SISTEMA L1-L2","217.0","V","1/12/2025, 3:25:23 a. m."
"TR - IDEO CALI","01 - VOLTAJE AC DEL SISTEMA L1-L2","217.0","V","1/12/2025, 3:28:23 a. m."
"TR - IDEO CALI","01 - VOLTAJE AC DEL SISTEMA L1-L2","217.0","V","1/12/2025, 3:31:23 a. m."
"TR - IDEO CALI","01 - VOLTAJE AC DEL SISTEMA L1-L2","217.0","V","1/12/2025, 3:34:23 a. m."
"TR - IDEO CALI","01 - VOLTAJE AC DEL SISTEMA L1-L2","218.0","V","1/12/2025, 3:37:22 a. m."
"TR - IDEO CALI","01 - VOLTAJE AC DEL SISTEMA L1-L2","217.0","V","1/12/2025, 3:40:23 a. m."
"TR - IDEO CALI","01 - VOLTAJE AC DEL SISTEMA L1-L2","216.0","V","1/12/2025, 3:43:24 a. m."
"TR - IDEO CALI","01 - VOLTAJE AC DEL SISTEMA L1-L2","217.0","V","1/12/2025, 3:46:23 a. m."
"TR - IDEO CALI","01 - VOLTAJE AC DEL SISTEMA L1-L2","217.0","V","1/12/2025, 3:49:22 a. m."
"TR - IDEO CALI","01 - VOLTAJE AC DEL SISTEMA L1-L2","217.0","V","1/12/2025, 3:52:22 a. m."
"TR - IDEO CALI","01 - VOLTAJE AC DEL SISTEMA L1-L2","217.0","V","1/12/2025, 3:55:23 a. m."
"TR - IDEO CALI","01 - VOLTAJE AC DEL SISTEMA L1-L2","217.0","V","1/12/2025, 3:58:23 a. m."
"TR - IDEO CALI","01 - VOLTAJE AC DEL SISTEMA L1-L2","217.0","V","1/12/2025, 4:01:24 a. m."
"TR - IDEO CALI","01 - VOLTAJE AC DEL SISTEMA L1-L2","217.0","V","1/12/2025, 4:04:24 a. m."
"TR - IDEO CALI","01 - VOLTAJE AC DEL SISTEMA L1-L2","217.0","V","1/12/2025, 4:07:23 a. m."
"TR - IDEO CALI","01 - VOLTAJE AC DEL SISTEMA L1-L2","217.0","V","1/12/2025, 4:10:23 a. m."
"TR - IDEO CALI","01 - VOLTAJE AC DEL SISTEMA L1-L2","216.0","V","1/12/2025, 4:13:24 a. m."
"TR - IDEO CALI","01 - VOLTAJE AC DEL SISTEMA L1-L2","217.0","V","1/12/2025, 4:16:25 a. m."
"TR - IDEO CALI","01 - VOLTAJE AC DEL SISTEMA L1-L2","217.0","V","1/12/2025, 4:19:26 a. m."
"TR - IDEO CALI","01 - VOLTAJE AC DEL SISTEMA L1-L2","216.0","V","1/12/2025, 4:22:26 a. m."
"TR - IDEO CALI","01 - VOLTAJE AC DEL SISTEMA L1-L2","217.0","V","1/12/2025, 4:25:26 a. m."
"TR - IDEO CALI","01 - VOLTAJE AC DEL SISTEMA L1-L2","217.0","V","1/12/2025, 4:28:27 a. m."
"TR - IDEO CALI","01 - VOLTAJE AC DEL SISTEMA L1-L2","217.0","V","1/12/2025, 4:31:27 a. m."
"TR - IDEO CALI","01 - VOLTAJE AC DEL SISTEMA L1-L2","216.0","V","1/12/2025, 4:34:28 a. m."
"TR - IDEO CALI","01 - VOLTAJE AC DEL SISTEMA L1-L2","216.0","V","1/12/2025, 4:37:27 a. m."
"TR - IDEO CALI","01 - VOLTAJE AC DEL SISTEMA L1-L2","217.0","V","1/12/2025, 4:40:28 a. m."
"TR - IDEO CALI","01 - VOLTAJE AC DEL SISTEMA L1-L2","217.0","V","1/12/2025, 4:43:28 a. m."
"TR - IDEO CALI","01 - VOLTAJE AC DEL SISTEMA L1-L2","217.0","V","1/12/2025, 4:46:27 a. m."
"TR - IDEO CALI","01 - VOLTAJE AC DEL SISTEMA L1-L2","217.0","V","1/12/2025, 4:49:28 a. m."
"TR - IDEO CALI","01 - VOLTAJE AC DEL SISTEMA L1-L2","217.0","V","1/12/2025, 4:52:27 a. m."
"TR - IDEO CALI","01 - VOLTAJE AC DEL SISTEMA L1-L2","217.0","V","1/12/2025, 4:55:28 a. m."
"TR - IDEO CALI","01 - VOLTAJE AC DEL SISTEMA L1-L2","217.0","V","1/12/2025, 4:58:29 a. m."
"TR - IDEO CALI","01 - VOLTAJE AC DEL SISTEMA L1-L2","217.0","V","1/12/2025, 5:01:30 a. m."
"TR - IDEO CALI","01 - VOLTAJE AC DEL SISTEMA L1-L2","216.0","V","1/12/2025, 5:04:29 a. m."
"TR - IDEO CALI","01 - VOLTAJE AC DEL SISTEMA L1-L2","217.0","V","1/12/2025, 5:07:28 a. m."
"TR - IDEO CALI","01 - VOLTAJE AC DEL SISTEMA L1-L2","217.0","V","1/12/2025, 5:10:29 a. m."
"TR - IDEO CALI","01 - VOLTAJE AC DEL SISTEMA L1-L2","216.0","V","1/12/2025, 5:13:29 a. m."
"TR - IDEO CALI","01 - VOLTAJE AC DEL SISTEMA L1-L2","216.0","V","1/12/2025, 5:16:28 a. m."
"TR - IDEO CALI","01 - VOLTAJE AC DEL SISTEMA L1-L2","216.0","V","1/12/2025, 5:19:27 a. m."
"TR - IDEO CALI","01 - VOLTAJE AC DEL SISTEMA L1-L2","216.0","V","1/12/2025, 5:22:27 a. m."
"TR - IDEO CALI","01 - VOLTAJE AC DEL SISTEMA L1-L2","217.0","V","1/12/2025, 5:25:26 a. m."
"TR - IDEO CALI","01 - VOLTAJE AC DEL SISTEMA L1-L2","217.0","V","1/12/2025, 5:28:27 a. m."
"TR - IDEO CALI","01 - VOLTAJE AC DEL SISTEMA L1-L2","215.0","V","1/12/2025, 5:31:27 a. m."
"TR - IDEO CALI","01 - VOLTAJE AC DEL SISTEMA L1-L2","216.0","V","1/12/2025, 5:34:28 a. m."
"TR - IDEO CALI","01 - VOLTAJE AC DEL SISTEMA L1-L2","217.0","V","1/12/2025, 5:37:27 a. m."
"TR - IDEO CALI","01 - VOLTAJE AC DEL SISTEMA L1-L2","217.0","V","1/12/2025, 5:40:26 a. m."
"TR - IDEO CALI","01 - VOLTAJE AC DEL SISTEMA L1-L2","217.0","V","1/12/2025, 5:43:25 a. m."
"TR - IDEO CALI","01 - VOLTAJE AC DEL SISTEMA L1-L2","217.0","V","1/12/2025, 5:46:26 a. m."
"TR - IDEO CALI","01 - VOLTAJE AC DEL SISTEMA L1-L2","216.0","V","1/12/2025, 5:49:26 a. m."
"TR - IDEO CALI","01 - VOLTAJE AC DEL SISTEMA L1-L2","217.0","V","1/12/2025, 5:52:25 a. m."
"TR - IDEO CALI","01 - VOLTAJE AC DEL SISTEMA L1-L2","216.0","V","1/12/2025, 5:55:24 a. m."
"TR - IDEO CALI","01 - VOLTAJE AC DEL SISTEMA L1-L2","216.0","V","1/12/2025, 5:58:25 a. m."
"TR - IDEO CALI","01 - VOLTAJE AC DEL SISTEMA L1-L2","216.0","V","1/12/2025, 6:01:25 a. m."
"TR - IDEO CALI","01 - VOLTAJE AC DEL SISTEMA L1-L2","215.0","V","1/12/2025, 6:04:26 a. m."
"TR - IDEO CALI","01 - VOLTAJE AC DEL SISTEMA L1-L2","216.0","V","1/12/2025, 6:07:25 a. m."
"TR - IDEO CALI","01 - VOLTAJE AC DEL SISTEMA L1-L2","215.0","V","1/12/2025, 6:10:26 a. m."
"TR - IDEO CALI","01 - VOLTAJE AC DEL SISTEMA L1-L2","215.0","V","1/12/2025, 6:13:27 a. m."
"TR - IDEO CALI","01 - VOLTAJE AC DEL SISTEMA L1-L2","215.0","V","1/12/2025, 6:16:28 a. m."
"TR - IDEO CALI","01 - VOLTAJE AC DEL SISTEMA L1-L2","215.0","V","1/12/2025, 6:19:29 a. m."
"TR - IDEO CALI","01 - VOLTAJE AC DEL SISTEMA L1-L2","215.0","V","1/12/2025, 6:22:30 a. m."
"TR - IDEO CALI","01 - VOLTAJE AC DEL SISTEMA L1-L2","214.0","V","1/12/2025, 6:25:30 a. m."
"TR - IDEO CALI","01 - VOLTAJE AC DEL SISTEMA L1-L2","214.0","V","1/12/2025, 6:28:31 a. m."
"TR - IDEO CALI","01 - VOLTAJE AC DEL SISTEMA L1-L2","213.0","V","1/12/2025, 6:31:31 a. m."
"TR - IDEO CALI","01 - VOLTAJE AC DEL SISTEMA L1-L2","214.0","V","1/12/2025, 6:34:31 a. m."
"TR - IDEO CALI","01 - VOLTAJE AC DEL SISTEMA L1-L2","214.0","V","1/12/2025, 6:37:31 a. m."
"TR - IDEO CALI","01 - VOLTAJE AC DEL SISTEMA L1-L2","214.0","V","1/12/2025, 6:40:30 a. m."
"TR - IDEO CALI","01 - VOLTAJE AC DEL SISTEMA L1-L2","214.0","V","1/12/2025, 6:43:29 a. m."
"TR - IDEO CALI","01 - VOLTAJE AC DEL SISTEMA L1-L2","214.0","V","1/12/2025, 6:46:28 a. m."
"TR - IDEO CALI","01 - VOLTAJE AC DEL SISTEMA L1-L2","213.0","V","1/12/2025, 6:49:29 a. m."
"TR - IDEO CALI","01 - VOLTAJE AC DEL SISTEMA L1-L2","215.0","V","1/12/2025, 6:52:30 a. m."
"TR - IDEO CALI","01 - VOLTAJE AC DEL SISTEMA L1-L2","216.0","V","1/12/2025, 6:55:29 a. m."
"TR - IDEO CALI","01 - VOLTAJE AC DEL SISTEMA L1-L2","216.0","V","1/12/2025, 6:58:29 a. m."
"TR - IDEO CALI","01 - VOLTAJE AC DEL SISTEMA L1-L2","215.0","V","1/12/2025, 7:01:30 a. m."
"TR - IDEO CALI","01 - VOLTAJE AC DEL SISTEMA L1-L2","215.0","V","1/12/2025, 7:04:29 a. m."
"TR - IDEO CALI","01 - VOLTAJE AC DEL SISTEMA L1-L2","213.0","V","1/12/2025, 7:07:30 a. m."
"TR - IDEO CALI","01 - VOLTAJE AC DEL SISTEMA L1-L2","213.0","V","1/12/2025, 7:10:30 a. m."
"TR - IDEO CALI","01 - VOLTAJE AC DEL SISTEMA L1-L2","214.0","V","1/12/2025, 7:13:29 a. m."
"TR - IDEO CALI","01 - VOLTAJE AC DEL SISTEMA L1-L2","214.0","V","1/12/2025, 7:16:28 a. m."
"TR - IDEO CALI","01 - VOLTAJE AC DEL SISTEMA L1-L2","214.0","V","1/12/2025, 7:19:29 a. m."
"TR - IDEO CALI","01 - VOLTAJE AC DEL SISTEMA L1-L2","214.0","V","1/12/2025, 7:22:28 a. m."
"TR - IDEO CALI","01 - VOLTAJE AC DEL SISTEMA L1-L2","214.0","V","1/12/2025, 7:25:27 a. m."
"TR - IDEO CALI","01 - VOLTAJE AC DEL SISTEMA L1-L2","214.0","V","1/12/2025, 7:28:27 a. m."
"TR - IDEO CALI","01 - VOLTAJE AC DEL SISTEMA L1-L2","213.0","V","1/12/2025, 7:31:28 a. m."
"TR - IDEO CALI","01 - VOLTAJE AC DEL SISTEMA L1-L2","213.0","V","1/12/2025, 7:34:28 a. m."
"TR - IDEO CALI","01 - VOLTAJE AC DEL SISTEMA L1-L2","213.0","V","1/12/2025, 7:37:27 a. m."
"TR - IDEO CALI","01 - VOLTAJE AC DEL SISTEMA L1-L2","213.0","V","1/12/2025, 7:40:26 a. m."
"TR - IDEO CALI","01 - VOLTAJE AC DEL SISTEMA L1-L2","213.0","V","1/12/2025, 7:43:25 a. m."
"TR - IDEO CALI","01 - VOLTAJE AC DEL SISTEMA L1-L2","213.0","V","1/12/2025, 7:46:25 a. m."
"TR - IDEO CALI","01 - VOLTAJE AC DEL SISTEMA L1-L2","212.0","V","1/12/2025, 7:49:25 a. m."
"TR - IDEO CALI","01 - VOLTAJE AC DEL SISTEMA L1-L2","213.0","V","1/12/2025, 7:52:26 a. m."
"TR - IDEO CALI","01 - VOLTAJE AC DEL SISTEMA L1-L2","213.0","V","1/12/2025, 7:55:27 a. m."
"TR - IDEO CALI","01 - VOLTAJE AC DEL SISTEMA L1-L2","215.0","V","1/12/2025, 7:58:28 a. m."
"TR - IDEO CALI","01 - VOLTAJE AC DEL SISTEMA L1-L2","215.0","V","1/12/2025, 8:01:29 a. m."
"TR - IDEO CALI","01 - VOLTAJE AC DEL SISTEMA L1-L2","216.0","V","1/12/2025, 8:04:28 a. m."
"TR - IDEO CALI","01 - VOLTAJE AC DEL SISTEMA L1-L2","215.0","V","1/12/2025, 8:07:28 a. m."
"TR - IDEO CALI","01 - VOLTAJE AC DEL SISTEMA L1-L2","215.0","V","1/12/2025, 8:10:28 a. m."
"TR - IDEO CALI","01 - VOLTAJE AC DEL SISTEMA L1-L2","215.0","V","1/12/2025, 8:13:27 a. m."
"TR - IDEO CALI","01 - VOLTAJE AC DEL SISTEMA L1-L2","215.0","V","1/12/2025, 8:16:26 a. m."
"TR - IDEO CALI","01 - VOLTAJE AC DEL SISTEMA L1-L2","214.0","V","1/12/2025, 8:19:25 a. m."
"TR - IDEO CALI","01 - VOLTAJE AC DEL SISTEMA L1-L2","214.0","V","1/12/2025, 8:22:25 a. m."
"TR - IDEO CALI","01 - VOLTAJE AC DEL SISTEMA L1-L2","215.0","V","1/12/2025, 8:25:24 a. m."
"TR - IDEO CALI","01 - VOLTAJE AC DEL SISTEMA L1-L2","215.0","V","1/12/2025, 8:28:23 a. m."
"TR - IDEO CALI","01 - VOLTAJE AC DEL SISTEMA L1-L2","215.0","V","1/12/2025, 8:31:22 a. m."
"TR - IDEO CALI","01 - VOLTAJE AC DEL SISTEMA L1-L2","215.0","V","1/12/2025, 8:34:22 a. m."
"TR - IDEO CALI","01 - VOLTAJE AC DEL SISTEMA L1-L2","215.0","V","1/12/2025, 8:37:22 a. m."
"TR - IDEO CALI","01 - VOLTAJE AC DEL SISTEMA L1-L2","215.0","V","1/12/2025, 8:40:22 a. m."
"TR - IDEO CALI","01 - VOLTAJE AC DEL SISTEMA L1-L2","215.0","V","1/12/2025, 8:43:22 a. m."
"TR - IDEO CALI","01 - VOLTAJE AC DEL SISTEMA L1-L2","215.0","V","1/12/2025, 8:46:23 a. m."
"TR - IDEO CALI","01 - VOLTAJE AC DEL SISTEMA L1-L2","214.0","V","1/12/2025, 8:49:24 a. m."
"TR - IDEO CALI","01 - VOLTAJE AC DEL SISTEMA L1-L2","215.0","V","1/12/2025, 8:52:24 a. m."
"TR - IDEO CALI","01 - VOLTAJE AC DEL SISTEMA L1-L2","215.0","V","1/12/2025, 8:55:25 a. m."
"TR - IDEO CALI","01 - VOLTAJE AC DEL SISTEMA L1-L2","215.0","V","1/12/2025, 8:58:26 a. m."
"TR - IDEO CALI","01 - VOLTAJE AC DEL SISTEMA L1-L2","215.0","V","1/12/2025, 9:01:25 a. m."
"TR - IDEO CALI","01 - VOLTAJE AC DEL SISTEMA L1-L2","215.0","V","1/12/2025, 9:04:25 a. m."
"TR - IDEO CALI","01 - VOLTAJE AC DEL SISTEMA L1-L2","215.0","V","1/12/2025, 9:07:24 a. m."
"TR - IDEO CALI","01 - VOLTAJE AC DEL SISTEMA L1-L2","215.0","V","1/12/2025, 9:10:24 a. m."
"TR - IDEO CALI","01 - VOLTAJE AC DEL SISTEMA L1-L2","214.0","V","1/12/2025, 9:13:24 a. m."
"TR - IDEO CALI","01 - VOLTAJE AC DEL SISTEMA L1-L2","214.0","V","1/12/2025, 9:16:25 a. m."
"TR - IDEO CALI","01 - VOLTAJE AC DEL SISTEMA L1-L2","214.0","V","1/12/2025, 9:19:26 a. m."
"TR - IDEO CALI","01 - VOLTAJE AC DEL SISTEMA L1-L2","214.0","V","1/12/2025, 9:22:26 a. m."
"TR - IDEO CALI","01 - VOLTAJE AC DEL SISTEMA L1-L2","214.0","V","1/12/2025, 9:25:26 a. m."
"TR - IDEO CALI","01 - VOLTAJE AC DEL SISTEMA L1-L2","214.0","V","1/12/2025, 9:28:26 a. m."
"TR - IDEO CALI","01 - VOLTAJE AC DEL SISTEMA L1-L2","214.0","V","1/12/2025, 9:31:25 a. m."
"TR - IDEO CALI","01 - VOLTAJE AC DEL SISTEMA L1-L2","214.0","V","1/12/2025, 9:34:25 a. m."
"TR - IDEO CALI","01 - VOLTAJE AC DEL SISTEMA L1-L2","214.0","V","1/12/2025, 9:37:25 a. m."
"TR - IDEO CALI","01 - VOLTAJE AC DEL SISTEMA L1-L2","213.0","V","1/12/2025, 9:40:26 a. m."
"TR - IDEO CALI","01 - VOLTAJE AC DEL SISTEMA L1-L2","214.0","V","1/12/2025, 9:43:25 a. m."
"TR - IDEO CALI","01 - VOLTAJE AC DEL SISTEMA L1-L2","214.0","V","1/12/2025, 9:46:25 a. m."
"TR - IDEO CALI","01 - VOLTAJE AC DEL SISTEMA L1-L2","214.0","V","1/12/2025, 9:49:24 a. m."
"TR - IDEO CALI","01 - VOLTAJE AC DEL SISTEMA L1-L2","215.0","V","1/12/2025, 9:52:25 a. m."
"TR - IDEO CALI","01 - VOLTAJE AC DEL SISTEMA L1-L2","216.0","V","1/12/2025, 9:55:26 a. m."
"TR - IDEO CALI","01 - VOLTAJE AC DEL SISTEMA L1-L2","215.0","V","1/12/2025, 9:58:27 a. m."
"TR - IDEO CALI","01 - VOLTAJE AC DEL SISTEMA L1-L2","215.0","V","1/12/2025, 10:01:27 a. m."
"TR - IDEO CALI","01 - VOLTAJE AC DEL SISTEMA L1-L2","216.0","V","1/12/2025, 10:04:26 a. m."
"TR - IDEO CALI","01 - VOLTAJE AC DEL SISTEMA L1-L2","215.0","V","1/12/2025, 10:07:25 a. m."
"TR - IDEO CALI","01 - VOLTAJE AC DEL SISTEMA L1-L2","215.0","V","1/12/2025, 10:10:26 a. m."
"TR - IDEO CALI","01 - VOLTAJE AC DEL SISTEMA L1-L2","215.0","V","1/12/2025, 10:13:26 a. m."
"TR - IDEO CALI","01 - VOLTAJE AC DEL SISTEMA L1-L2","215.0","V","1/12/2025, 10:16:26 a. m."
"TR - IDEO CALI","01 - VOLTAJE AC DEL SISTEMA L1-L2","215.0","V","1/12/2025, 10:19:25 a. m."
"TR - IDEO CALI","01 - VOLTAJE AC DEL SISTEMA L1-L2","214.0","V","1/12/2025, 10:22:25 a. m."
"TR - IDEO CALI","01 - VOLTAJE AC DEL SISTEMA L1-L2","214.0","V","1/12/2025, 10:25:26 a. m."
"TR - IDEO CALI","01 - VOLTAJE AC DEL SISTEMA L1-L2","214.0","V","1/12/2025, 10:28:26 a. m."
"TR - IDEO CALI","01 - VOLTAJE AC DEL SISTEMA L1-L2","215.0","V","1/12/2025, 10:31:31 a. m."
"TR - IDEO CALI","01 - VOLTAJE AC DEL SISTEMA L1-L2","214.0","V","1/12/2025, 10:34:30 a. m."
"TR - IDEO CALI","01 - VOLTAJE AC DEL SISTEMA L1-L2","215.0","V","1/12/2025, 10:37:31 a. m."
"TR - IDEO CALI","01 - VOLTAJE AC DEL SISTEMA L1-L2","213.0","V","1/12/2025, 10:40:31 a. m."
"TR - IDEO CALI","01 - VOLTAJE AC DEL SISTEMA L1-L2","214.0","V","1/12/2025, 10:43:31 a. m."
"TR - IDEO CALI","01 - VOLTAJE AC DEL SISTEMA L1-L2","214.0","V","1/12/2025, 10:46:32 a. m."
"TR - IDEO CALI","01 - VOLTAJE AC DEL SISTEMA L1-L2","214.0","V","1/12/2025, 10:49:33 a. m."
"TR - IDEO CALI","01 - VOLTAJE AC DEL SISTEMA L1-L2","214.0","V","1/12/2025, 10:52:33 a. m."
"TR - IDEO CALI","01 - VOLTAJE AC DEL SISTEMA L1-L2","214.0","V","1/12/2025, 10:55:34 a. m."
"TR - IDEO CALI","01 - VOLTAJE AC DEL SISTEMA L1-L2","214.0","V","1/12/2025, 10:58:34 a. m."
"TR - IDEO CALI","01 - VOLTAJE AC DEL SISTEMA L1-L2","213.0","V","1/12/2025, 11:01:35 a. m."
"TR - IDEO CALI","01 - VOLTAJE AC DEL SISTEMA L1-L2","213.0","V","1/12/2025, 11:04:35 a. m."
"TR - IDEO CALI","01 - VOLTAJE AC DEL SISTEMA L1-L2","213.0","V","1/12/2025, 11:07:35 a. m."
"TR - IDEO CALI","01 - VOLTAJE AC DEL SISTEMA L1-L2","213.0","V","1/12/2025, 11:10:36 a. m."
"TR - IDEO CALI","01 - VOLTAJE AC DEL SISTEMA L1-L2","214.0","V","1/12/2025, 11:13:36 a. m."
"TR - IDEO CALI","01 - VOLTAJE AC DEL SISTEMA L1-L2","213.0","V","1/12/2025, 11:16:35 a. m."
"TR - IDEO CALI","01 - VOLTAJE AC DEL SISTEMA L1-L2","212.0","V","1/12/2025, 11:19:36 a. m."
"TR - IDEO CALI","01 - VOLTAJE AC DEL SISTEMA L1-L2","212.0","V","1/12/2025, 11:22:36 a. m."
"TR - IDEO CALI","01 - VOLTAJE AC DEL SISTEMA L1-L2","213.0","V","1/12/2025, 11:25:35 a. m."
"TR - IDEO CALI","01 - VOLTAJE AC DEL SISTEMA L1-L2","213.0","V","1/12/2025, 11:28:34 a. m."
"TR - IDEO CALI","01 - VOLTAJE AC DEL SISTEMA L1-L2","213.0","V","1/12/2025, 11:31:35 a. m."
"TR - IDEO CALI","01 - VOLTAJE AC DEL SISTEMA L1-L2","213.0","V","1/12/2025, 11:34:35 a. m."
"TR - IDEO CALI","01 - VOLTAJE AC DEL SISTEMA L1-L2","213.0","V","1/12/2025, 11:37:36 a. m."
"TR - IDEO CALI","01 - VOLTAJE AC DEL SISTEMA L1-L2","212.0","V","1/12/2025, 11:40:35 a. m."
"TR - IDEO CALI","01 - VOLTAJE AC DEL SISTEMA L1-L2","212.0","V","1/12/2025, 11:43:34 a. m."
"TR - IDEO CALI","01 - VOLTAJE AC DEL SISTEMA L1-L2","213.0","V","1/12/2025, 11:46:35 a. m."
"TR - IDEO CALI","01 - VOLTAJE AC DEL SISTEMA L1-L2","213.0","V","1/12/2025, 11:49:36 a. m."
"TR - IDEO CALI","01 - VOLTAJE AC DEL SISTEMA L1-L2","213.0","V","1/12/2025, 11:52:37 a. m."
"TR - IDEO CALI","01 - VOLTAJE AC DEL SISTEMA L1-L2","213.0","V","1/12/2025, 11:55:38 a. m."
"TR - IDEO CALI","01 - VOLTAJE AC DEL SISTEMA L1-L2","213.0","V","1/12/2025, 11:58:38 a. m."
"TR - IDEO CALI","01 - VOLTAJE AC DEL SISTEMA L1-L2","213.0","V","1/12/2025, 12:01:37 p. m."
"TR - IDEO CALI","01 - VOLTAJE AC DEL SISTEMA L1-L2","212.0","V","1/12/2025, 12:04:36 p. m."
"TR - IDEO CALI","01 - VOLTAJE AC DEL SISTEMA L1-L2","213.0","V","1/12/2025, 12:07:36 p. m."
"TR - IDEO CALI","01 - VOLTAJE AC DEL SISTEMA L1-L2","213.0","V","1/12/2025, 12:10:37 p. m."
"TR - IDEO CALI","01 - VOLTAJE AC DEL SISTEMA L1-L2","214.0","V","1/12/2025, 12:13:38 p. m."
"TR - IDEO CALI","01 - VOLTAJE AC DEL SISTEMA L1-L2","213.0","V","1/12/2025, 12:16:38 p. m."
"TR - IDEO CALI","01 - VOLTAJE AC DEL SISTEMA L1-L2","213.0","V","1/12/2025, 12:19:37 p. m."
"TR - IDEO CALI","01 - VOLTAJE AC DEL SISTEMA L1-L2","213.0","V","1/12/2025, 12:22:38 p. m."
"TR - IDEO CALI","01 - VOLTAJE AC DEL SISTEMA L1-L2","213.0","V","1/12/2025, 12:25:38 p. m."
"TR - IDEO CALI","01 - VOLTAJE AC DEL SISTEMA L1-L2","213.0","V","1/12/2025, 12:28:37 p. m."
"TR - IDEO CALI","01 - VOLTAJE AC DEL SISTEMA L1-L2","213.0","V","1/12/2025, 12:31:37 p. m."
"TR - IDEO CALI","01 - VOLTAJE AC DEL SISTEMA L1-L2","213.0","V","1/12/2025, 12:34:39 p. m."
"TR - IDEO CALI","01 - VOLTAJE AC DEL SISTEMA L1-L2","214.0","V","1/12/2025, 12:37:39 p. m."
"TR - IDEO CALI","01 - VOLTAJE AC DEL SISTEMA L1-L2","213.0","V","1/12/2025, 12:40:39 p. m."
"TR - IDEO CALI","01 - VOLTAJE AC DEL SISTEMA L1-L2","213.0","V","1/12/2025, 12:43:39 p. m."
"TR - IDEO CALI","01 - VOLTAJE AC DEL SISTEMA L1-L2","214.0","V","1/12/2025, 12:46:39 p. m."
"TR - IDEO CALI","01 - VOLTAJE AC DEL SISTEMA L1-L2","214.0","V","1/12/2025, 12:49:43 p. m."
"TR - IDEO CALI","01 - VOLTAJE AC DEL SISTEMA L1-L2","214.0","V","1/12/2025, 12:52:44 p. m."
"TR - IDEO CALI","01 - VOLTAJE AC DEL SISTEMA L1-L2","213.0","V","1/12/2025, 12:55:45 p. m."
"TR - IDEO CALI","01 - VOLTAJE AC DEL SISTEMA L1-L2","213.0","V","1/12/2025, 12:58:46 p. m."
"TR - IDEO CALI","01 - VOLTAJE AC DEL SISTEMA L1-L2","213.0","V","1/12/2025, 1:01:47 p. m."
"TR - IDEO CALI","01 - VOLTAJE AC DEL SISTEMA L1-L2","213.0","V","1/12/2025, 1:04:46 p. m."
"TR - IDEO CALI","01 - VOLTAJE AC DEL SISTEMA L1-L2","214.0","V","1/12/2025, 1:07:45 p. m."
"TR - IDEO CALI","01 - VOLTAJE AC DEL SISTEMA L1-L2","213.0","V","1/12/2025, 1:10:46 p. m."
"TR - IDEO CALI","01 - VOLTAJE AC DEL SISTEMA L1-L2","213.0","V","1/12/2025, 1:13:46 p. m."
"TR - IDEO CALI","01 - VOLTAJE AC DEL SISTEMA L1-L2","213.0","V","1/12/2025, 1:16:45 p. m."
"TR - IDEO CALI","01 - VOLTAJE AC DEL SISTEMA L1-L2","212.0","V","1/12/2025, 1:19:45 p. m."
"TR - IDEO CALI","01 - VOLTAJE AC DEL SISTEMA L1-L2","212.0","V","1/12/2025, 1:22:46 p. m."
"TR - IDEO CALI","01 - VOLTAJE AC DEL SISTEMA L1-L2","213.0","V","1/12/2025, 1:25:46 p. m."
"TR - IDEO CALI","01 - VOLTAJE AC DEL SISTEMA L1-L2","213.0","V","1/12/2025, 1:28:47 p. m."
"TR - IDEO CALI","01 - VOLTAJE AC DEL SISTEMA L1-L2","212.0","V","1/12/2025, 1:31:47 p. m."
"TR - IDEO CALI","01 - VOLTAJE AC DEL SISTEMA L1-L2","213.0","V","1/12/2025, 1:34:46 p. m."
"TR - IDEO CALI","01 - VOLTAJE AC DEL SISTEMA L1-L2","212.0","V","1/12/2025, 1:37:46 p. m."
"TR - IDEO CALI","01 - VOLTAJE AC DEL SISTEMA L1-L2","212.0","V","1/12/2025, 1:40:46 p. m."
"TR - IDEO CALI","01 - VOLTAJE AC DEL SISTEMA L1-L2","213.0","V","1/12/2025, 1:43:47 p. m."
"TR - IDEO CALI","01 - VOLTAJE AC DEL SISTEMA L1-L2","213.0","V","1/12/2025, 1:46:48 p. m."
"TR - IDEO CALI","01 - VOLTAJE AC DEL SISTEMA L1-L2","212.0","V","1/12/2025, 1:49:48 p. m."
"TR - IDEO CALI","01 - VOLTAJE AC DEL SISTEMA L1-L2","213.0","V","1/12/2025, 1:52:47 p. m."
"TR - IDEO CALI","01 - VOLTAJE AC DEL SISTEMA L1-L2","212.0","V","1/12/2025, 1:55:46 p. m."
"TR - IDEO CALI","01 - VOLTAJE AC DEL SISTEMA L1-L2","212.0","V","1/12/2025, 1:58:45 p. m."
"TR - IDEO CALI","01 - VOLTAJE AC DEL SISTEMA L1-L2","212.0","V","1/12/2025, 2:01:45 p. m."
"TR - IDEO CALI","01 - VOLTAJE AC DEL SISTEMA L1-L2","212.0","V","1/12/2025, 2:04:46 p. m."
"TR - IDEO CALI","01 - VOLTAJE AC DEL SISTEMA L1-L2","212.0","V","1/12/2025, 2:07:47 p. m."
"TR - IDEO CALI","01 - VOLTAJE AC DEL SISTEMA L1-L2","212.0","V","1/12/2025, 2:10:46 p. m."
"TR - IDEO CALI","01 - VOLTAJE AC DEL SISTEMA L1-L2","214.0","V","1/12/2025, 2:13:45 p. m."
"TR - IDEO CALI","01 - VOLTAJE AC DEL SISTEMA L1-L2","214.0","V","1/12/2025, 2:16:46 p. m."
"TR - IDEO CALI","01 - VOLTAJE AC DEL SISTEMA L1-L2","213.0","V","1/12/2025, 2:19:47 p. m."
"TR - IDEO CALI","01 - VOLTAJE AC DEL SISTEMA L1-L2","214.0","V","1/12/2025, 2:22:48 p. m."
"TR - IDEO CALI","01 - VOLTAJE AC DEL SISTEMA L1-L2","214.0","V","1/12/2025, 2:25:49 p. m."
"TR - IDEO CALI","01 - VOLTAJE AC DEL SISTEMA L1-L2","214.0","V","1/12/2025, 2:28:50 p. m."
"TR - IDEO CALI","01 - VOLTAJE AC DEL SISTEMA L1-L2","214.0","V","1/12/2025, 2:31:51 p. m."
"TR - IDEO CALI","01 - VOLTAJE AC DEL SISTEMA L1-L2","215.0","V","1/12/2025, 2:34:52 p. m."
"TR - IDEO CALI","01 - VOLTAJE AC DEL SISTEMA L1-L2","213.0","V","1/12/2025, 2:37:52 p. m."
"TR - IDEO CALI","01 - VOLTAJE AC DEL SISTEMA L1-L2","214.0","V","1/12/2025, 2:40:52 p. m."
"TR - IDEO CALI","01 - VOLTAJE AC DEL SISTEMA L1-L2","215.0","V","1/12/2025, 2:43:52 p. m."
"TR - IDEO CALI","01 - VOLTAJE AC DEL SISTEMA L1-L2","214.0","V","1/12/2025, 2:46:53 p. m."
"TR - IDEO CALI","01 - VOLTAJE AC DEL SISTEMA L1-L2","214.0","V","1/12/2025, 2:49:54 p. m."
"TR - IDEO CALI","01 - VOLTAJE AC DEL SISTEMA L1-L2","214.0","V","1/12/2025, 2:52:53 p. m."
"TR - IDEO CALI","01 - VOLTAJE AC DEL SISTEMA L1-L2","214.0","V","1/12/2025, 2:55:54 p. m."
"TR - IDEO CALI","01 - VOLTAJE AC DEL SISTEMA L1-L2","214.0","V","1/12/2025, 2:58:55 p. m."
"TR - IDEO CALI","01 - VOLTAJE AC DEL SISTEMA L1-L2","214.0","V","1/12/2025, 3:01:55 p. m."
"TR - IDEO CALI","01 - VOLTAJE AC DEL SISTEMA L1-L2","214.0","V","1/12/2025, 3:04:55 p. m."
"TR - IDEO CALI","01 - VOLTAJE AC DEL SISTEMA L1-L2","215.0","V","1/12/2025, 3:07:54 p. m."
"TR - IDEO CALI","01 - VOLTAJE AC DEL SISTEMA L1-L2","215.0","V","1/12/2025, 3:10:54 p. m."
"TR - IDEO CALI","01 - VOLTAJE AC DEL SISTEMA L1-L2","215.0","V","1/12/2025, 3:13:54 p. m."
"TR - IDEO CALI","01 - VOLTAJE AC DEL SISTEMA L1-L2","215.0","V","1/12/2025, 3:16:53 p. m."
"TR - IDEO CALI","01 - VOLTAJE AC DEL SISTEMA L1-L2","215.0","V","1/12/2025, 3:19:53 p. m."
"TR - IDEO CALI","01 - VOLTAJE AC DEL SISTEMA L1-L2","214.0","V","1/12/2025, 3:22:54 p. m."
"TR - IDEO CALI","01 - VOLTAJE AC DEL SISTEMA L1-L2","214.0","V","1/12/2025, 3:25:53 p. m."
"TR - IDEO CALI","01 - VOLTAJE AC DEL SISTEMA L1-L2","215.0","V","1/12/2025, 3:28:52 p. m."
"TR - IDEO CALI","01 - VOLTAJE AC DEL SISTEMA L1-L2","215.0","V","1/12/2025, 3:31:52 p. m."
"TR - IDEO CALI","01 - VOLTAJE AC DEL SISTEMA L1-L2","215.0","V","1/12/2025, 3:34:53 p. m."
"TR - IDEO CALI","01 - VOLTAJE AC DEL SISTEMA L1-L2","215.0","V","1/12/2025, 3:37:53 p. m."
"TR - IDEO CALI","01 - VOLTAJE AC DEL SISTEMA L1-L2","215.0","V","1/12/2025, 3:40:52 p. m."
"TR - IDEO CALI","01 - VOLTAJE AC DEL SISTEMA L1-L2","215.0","V","1/12/2025, 3:43:53 p. m."
"TR - IDEO CALI","01 - VOLTAJE AC DEL SISTEMA L1-L2","214.0","V","1/12/2025, 3:46:53 p. m."
"TR - IDEO CALI","01 - VOLTAJE AC DEL SISTEMA L1-L2","214.0","V","1/12/2025, 3:49:53 p. m."
"TR - IDEO CALI","01 - VOLTAJE AC DEL SISTEMA L1-L2","215.0","V","1/12/2025, 3:52:54 p. m."
"TR - IDEO CALI","01 - VOLTAJE AC DEL SISTEMA L1-L2","215.0","V","1/12/2025, 3:55:55 p. m."
"TR - IDEO CALI","01 - VOLTAJE AC DEL SISTEMA L1-L2","215.0","V","1/12/2025, 3:58:55 p. m."
"TR - IDEO CALI","01 - VOLTAJE AC DEL SISTEMA L1-L2","215.0","V","1/12/2025, 4:01:56 p. m."
"TR - IDEO CALI","01 - VOLTAJE AC DEL SISTEMA L1-L2","215.0","V","1/12/2025, 4:04:56 p. m."
"TR - IDEO CALI","01 - VOLTAJE AC DEL SISTEMA L1-L2","215.0","V","1/12/2025, 4:07:56 p. m."
"TR - IDEO CALI","01 - VOLTAJE AC DEL SISTEMA L1-L2","215.0","V","1/12/2025, 4:10:56 p. m."
"TR - IDEO CALI","01 - VOLTAJE AC DEL SISTEMA L1-L2","216.0","V","1/12/2025, 4:13:58 p. m."
"TR - IDEO CALI","01 - VOLTAJE AC DEL SISTEMA L1-L2","215.0","V","1/12/2025, 4:16:59 p. m."
"TR - IDEO CALI","01 - VOLTAJE AC DEL SISTEMA L1-L2","215.0","V","1/12/2025, 4:19:59 p. m."
"TR - IDEO CALI","01 - VOLTAJE AC DEL SISTEMA L1-L2","216.0","V","1/12/2025, 4:22:58 p. m."
"TR - IDEO CALI","01 - VOLTAJE AC DEL SISTEMA L1-L2","215.0","V","1/12/2025, 4:25:57 p. m."
"TR - IDEO CALI","01 - VOLTAJE AC DEL SISTEMA L1-L2","215.0","V","1/12/2025, 4:28:57 p. m."
"TR - IDEO CALI","01 - VOLTAJE AC DEL SISTEMA L1-L2","215.0","V","1/12/2025, 4:31:56 p. m."
"TR - IDEO CALI","01 - VOLTAJE AC DEL SISTEMA L1-L2","216.0","V","1/12/2025, 4:34:57 p. m."
"TR - IDEO CALI","01 - VOLTAJE AC DEL SISTEMA L1-L2","216.0","V","1/12/2025, 4:37:58 p. m."
"TR - IDEO CALI","01 - VOLTAJE AC DEL SISTEMA L1-L2","215.0","V","1/12/2025, 4:40:58 p. m."
"TR - IDEO CALI","01 - VOLTAJE AC DEL SISTEMA L1-L2","216.0","V","1/12/2025, 4:43:58 p. m."
"TR - IDEO CALI","01 - VOLTAJE AC DEL SISTEMA L1-L2","216.0","V","1/12/2025, 4:46:59 p. m."
"TR - IDEO CALI","01 - VOLTAJE AC DEL SISTEMA L1-L2","216.0","V","1/12/2025, 4:49:58 p. m."
"TR - IDEO CALI","01 - VOLTAJE AC DEL SISTEMA L1-L2","215.0","V","1/12/2025, 4:52:58 p. m."
"TR - IDEO CALI","01 - VOLTAJE AC DEL SISTEMA L1-L2","216.0","V","1/12/2025, 4:55:59 p. m."
"TR - IDEO CALI","01 - VOLTAJE AC DEL SISTEMA L1-L2","217.0","V","1/12/2025, 4:58:58 p. m."
"TR - IDEO CALI","01 - VOLTAJE AC DEL SISTEMA L1-L2","215.0","V","1/12/2025, 5:01:57 p. m."
"TR - IDEO CALI","01 - VOLTAJE AC DEL SISTEMA L1-L2","215.0","V","1/12/2025, 5:04:56 p. m."
"TR - IDEO CALI","01 - VOLTAJE AC DEL SISTEMA L1-L2","214.0","V","1/12/2025, 5:07:55 p. m."
"TR - IDEO CALI","01 - VOLTAJE AC DEL SISTEMA L1-L2","215.0","V","1/12/2025, 5:10:55 p. m."
"TR - IDEO CALI","01 - VOLTAJE AC DEL SISTEMA L1-L2","214.0","V","1/12/2025, 5:13:55 p. m."
"TR - IDEO CALI","01 - VOLTAJE AC DEL SISTEMA L1-L2","214.0","V","1/12/2025, 5:16:54 p. m."
"TR - IDEO CALI","01 - VOLTAJE AC DEL SISTEMA L1-L2","215.0","V","1/12/2025, 5:19:55 p. m."
"TR - IDEO CALI","01 - VOLTAJE AC DEL SISTEMA L1-L2","215.0","V","1/12/2025, 5:22:56 p. m."
"TR - IDEO CALI","01 - VOLTAJE AC DEL SISTEMA L1-L2","215.0","V","1/12/2025, 5:25:57 p. m."
"TR - IDEO CALI","01 - VOLTAJE AC DEL SISTEMA L1-L2","215.0","V","1/12/2025, 5:28:58 p. m."
"TR - IDEO CALI","01 - VOLTAJE AC DEL SISTEMA L1-L2","215.0","V","1/12/2025, 5:31:57 p. m."
"TR - IDEO CALI","01 - VOLTAJE AC DEL SISTEMA L1-L2","214.0","V","1/12/2025, 5:34:56 p. m."
"TR - IDEO CALI","01 - VOLTAJE AC DEL SISTEMA L1-L2","214.0","V","1/12/2025, 5:37:56 p. m."
"TR - IDEO CALI","01 - VOLTAJE AC DEL SISTEMA L1-L2","215.0","V","1/12/2025, 5:40:57 p. m."
"TR - IDEO CALI","01 - VOLTAJE AC DEL SISTEMA L1-L2","215.0","V","1/12/2025, 5:43:56 p. m."
"TR - IDEO CALI","01 - VOLTAJE AC DEL SISTEMA L1-L2","215.0","V","1/12/2025, 5:46:57 p. m."
"TR - IDEO CALI","01 - VOLTAJE AC DEL SISTEMA L1-L2","215.0","V","1/12/2025, 5:49:57 p. m."
"TR - IDEO CALI","01 - VOLTAJE AC DEL SISTEMA L1-L2","215.0","V","1/12/2025, 5:52:57 p. m."
"TR - IDEO CALI","01 - VOLTAJE AC DEL SISTEMA L1-L2","215.0","V","1/12/2025, 5:55:58 p. m."
"TR - IDEO CALI","01 - VOLTAJE AC DEL SISTEMA L1-L2","215.0","V","1/12/2025, 5:58:59 p. m."
"TR - IDEO CALI","01 - VOLTAJE AC DEL SISTEMA L1-L2","216.0","V","1/12/2025, 6:01:59 p. m."
"TR - IDEO CALI","01 - VOLTAJE AC DEL SISTEMA L1-L2","216.0","V","1/12/2025, 6:04:58 p. m."
"TR - IDEO CALI","01 - VOLTAJE AC DEL SISTEMA L1-L2","215.0","V","1/12/2025, 6:07:58 p. m."
"TR - IDEO CALI","01 - VOLTAJE AC DEL SISTEMA L1-L2","216.0","V","1/12/2025, 6:10:59 p. m."
"TR - IDEO CALI","01 - VOLTAJE AC DEL SISTEMA L1-L2","215.0","V","1/12/2025, 6:13:59 p. m."
"TR - IDEO CALI","01 - VOLTAJE AC DEL SISTEMA L1-L2","215.0","V","1/12/2025, 6:16:59 p. m."
"TR - IDEO CALI","01 - VOLTAJE AC DEL SISTEMA L1-L2","214.0","V","1/12/2025, 6:20:00 p. m."
"TR - IDEO CALI","01 - VOLTAJE AC DEL SISTEMA L1-L2","214.0","V","1/12/2025, 6:23:00 p. m."
"TR - IDEO CALI","01 - VOLTAJE AC DEL SISTEMA L1-L2","215.0","V","1/12/2025, 6:25:59 p. m."
"TR - IDEO CALI","01 - VOLTAJE AC DEL SISTEMA L1-L2","215.0","V","1/12/2025, 6:28:58 p. m."
"TR - IDEO CALI","01 - VOLTAJE AC DEL SISTEMA L1-L2","215.0","V","1/12/2025, 6:31:58 p. m."
"TR - IDEO CALI","01 - VOLTAJE AC DEL SISTEMA L1-L2","215.0","V","1/12/2025, 6:34:59 p. m."
"TR - IDEO CALI","01 - VOLTAJE AC DEL SISTEMA L1-L2","216.0","V","1/12/2025, 6:37:59 p. m."
"TR - IDEO CALI","01 - VOLTAJE AC DEL SISTEMA L1-L2","215.0","V","1/12/2025, 6:40:59 p. m."
"TR - IDEO CALI","01 - VOLTAJE AC DEL SISTEMA L1-L2","215.0","V","1/12/2025, 6:43:58 p. m."
"TR - IDEO CALI","01 - VOLTAJE AC DEL SISTEMA L1-L2","214.0","V","1/12/2025, 6:46:57 p. m."
"TR - IDEO CALI","01 - VOLTAJE AC DEL SISTEMA L1-L2","215.0","V","1/12/2025, 6:49:57 p. m."
"TR - IDEO CALI","01 - VOLTAJE AC DEL SISTEMA L1-L2","215.0","V","1/12/2025, 6:52:56 p. m."
"TR - IDEO CALI","01 - VOLTAJE AC DEL SISTEMA L1-L2","215.0","V","1/12/2025, 6:55:56 p. m."
"TR - IDEO CALI","01 - VOLTAJE AC DEL SISTEMA L1-L2","215.0","V","1/12/2025, 6:58:57 p. m."
"TR - IDEO CALI","01 - VOLTAJE AC DEL SISTEMA L1-L2","215.0","V","1/12/2025, 7:01:58 p. m."
"TR - IDEO CALI","01 - VOLTAJE AC DEL SISTEMA L1-L2","216.0","V","1/12/2025, 7:04:58 p. m."
"TR - IDEO CALI","01 - VOLTAJE AC DEL SISTEMA L1-L2","215.0","V","1/12/2025, 7:07:59 p. m."
"TR - IDEO CALI","01 - VOLTAJE AC DEL SISTEMA L1-L2","215.0","V","1/12/2025, 7:10:58 p. m."
"TR - IDEO CALI","01 - VOLTAJE AC DEL SISTEMA L1-L2","215.0","V","1/12/2025, 7:13:57 p. m."
"TR - IDEO CALI","01 - VOLTAJE AC DEL SISTEMA L1-L2","215.0","V","1/12/2025, 7:16:56 p. m."
"TR - IDEO CALI","01 - VOLTAJE AC DEL SISTEMA L1-L2","215.0","V","1/12/2025, 7:19:57 p. m."
"TR - IDEO CALI","01 - VOLTAJE AC DEL SISTEMA L1-L2","215.0","V","1/12/2025, 7:22:58 p. m."
"TR - IDEO CALI","01 - VOLTAJE AC DEL SISTEMA L1-L2","215.0","V","1/12/2025, 7:25:59 p. m."
"TR - IDEO CALI","01 - VOLTAJE AC DEL SISTEMA L1-L2","215.0","V","1/12/2025, 7:28:59 p. m."
"TR - IDEO CALI","01 - VOLTAJE AC DEL SISTEMA L1-L2","215.0","V","1/12/2025, 7:31:58 p. m."
"TR - IDEO CALI","01 - VOLTAJE AC DEL SISTEMA L1-L2","215.0","V","1/12/2025, 7:34:59 p. m."
"TR - IDEO CALI","01 - VOLTAJE AC DEL SISTEMA L1-L2","215.0","V","1/12/2025, 7:38:00 p. m."
"TR - IDEO CALI","01 - VOLTAJE AC DEL SISTEMA L1-L2","214.0","V","1/12/2025, 7:41:01 p. m."
"TR - IDEO CALI","01 - VOLTAJE AC DEL SISTEMA L1-L2","215.0","V","1/12/2025, 7:44:01 p. m."
"TR - IDEO CALI","01 - VOLTAJE AC DEL SISTEMA L1-L2","215.0","V","1/12/2025, 7:47:01 p. m."
"TR - IDEO CALI","01 - VOLTAJE AC DEL SISTEMA L1-L2","215.0","V","1/12/2025, 7:50:01 p. m."
"TR - IDEO CALI","01 - VOLTAJE AC DEL SISTEMA L1-L2","216.0","V","1/12/2025, 7:53:02 p. m."
"TR - IDEO CALI","01 - VOLTAJE AC DEL SISTEMA L1-L2","216.0","V","1/12/2025, 7:56:01 p. m."
"TR - IDEO CALI","01 - VOLTAJE AC DEL SISTEMA L1-L2","216.0","V","1/12/2025, 7:59:02 p. m."
"TR - IDEO CALI","01 - VOLTAJE AC DEL SISTEMA L1-L2","216.0","V","1/12/2025, 8:02:03 p. m."
"TR - IDEO CALI","01 - VOLTAJE AC DEL SISTEMA L1-L2","215.0","V","1/12/2025, 8:05:04 p. m."
"TR - IDEO CALI","01 - VOLTAJE AC DEL SISTEMA L1-L2","216.0","V","1/12/2025, 8:08:03 p. m."
"TR - IDEO CALI","01 - VOLTAJE AC DEL SISTEMA L1-L2","217.0","V","1/12/2025, 8:11:04 p. m."
"TR - IDEO CALI","01 - VOLTAJE AC DEL SISTEMA L1-L2","217.0","V","1/12/2025, 8:14:04 p. m."
"TR - IDEO CALI","01 - VOLTAJE AC DEL SISTEMA L1-L2","216.0","V","1/12/2025, 8:17:04 p. m."
"TR - IDEO CALI","01 - VOLTAJE AC DEL SISTEMA L1-L2","216.0","V","1/12/2025, 8:20:03 p. m."
"TR - IDEO CALI","01 - VOLTAJE AC DEL SISTEMA L1-L2","216.0","V","1/12/2025, 8:23:04 p. m."
"TR - IDEO CALI","01 - VOLTAJE AC DEL SISTEMA L1-L2","216.0","V","1/12/2025, 8:26:04 p. m."
"TR - IDEO CALI","01 - VOLTAJE AC DEL SISTEMA L1-L2","216.0","V","1/12/2025, 8:29:04 p. m."
"TR - IDEO CALI","01 - VOLTAJE AC DEL SISTEMA L1-L2","217.0","V","1/12/2025, 8:32:03 p. m."
"TR - IDEO CALI","01 - VOLTAJE AC DEL SISTEMA L1-L2","216.0","V","1/12/2025, 8:35:03 p. m."
"TR - IDEO CALI","01 - VOLTAJE AC DEL SISTEMA L1-L2","217.0","V","1/12/2025, 8:38:03 p. m."
"TR - IDEO CALI","01 - VOLTAJE AC DEL SISTEMA L1-L2","216.0","V","1/12/2025, 8:41:03 p. m."
"TR - IDEO CALI","01 - VOLTAJE AC DEL SISTEMA L1-L2","217.0","V","1/12/2025, 8:44:04 p. m."
"TR - IDEO CALI","01 - VOLTAJE AC DEL SISTEMA L1-L2","217.0","V","1/12/2025, 8:47:05 p. m."
"TR - IDEO CALI","01 - VOLTAJE AC DEL SISTEMA L1-L2","217.0","V","1/12/2025, 8:50:06 p. m."
"TR - IDEO CALI","01 - VOLTAJE AC DEL SISTEMA L1-L2","217.0","V","1/12/2025, 8:53:07 p. m."
"TR - IDEO CALI","01 - VOLTAJE AC DEL SISTEMA L1-L2","214.0","V","1/12/2025, 8:56:06 p. m."
"TR - IDEO CALI","01 - VOLTAJE AC DEL SISTEMA L1-L2","215.0","V","1/12/2025, 8:59:06 p. m."
"TR - IDEO CALI","01 - VOLTAJE AC DEL SISTEMA L1-L2","215.0","V","1/12/2025, 9:02:05 p. m."
"TR - IDEO CALI","01 - VOLTAJE AC DEL SISTEMA L1-L2","215.0","V","1/12/2025, 9:05:04 p. m."
"TR - IDEO CALI","01 - VOLTAJE AC DEL SISTEMA L1-L2","216.0","V","1/12/2025, 9:08:05 p. m."
"TR - IDEO CALI","01 - VOLTAJE AC DEL SISTEMA L1-L2","216.0","V","1/12/2025, 9:11:04 p. m."
"TR - IDEO CALI","01 - VOLTAJE AC DEL SISTEMA L1-L2","217.0","V","1/12/2025, 9:14:05 p. m."
"TR - IDEO CALI","01 - VOLTAJE AC DEL SISTEMA L1-L2","216.0","V","1/12/2025, 9:17:04 p. m."
"TR - IDEO CALI","01 - VOLTAJE AC DEL SISTEMA L1-L2","216.0","V","1/12/2025, 9:20:03 p. m."
"TR - IDEO CALI","01 - VOLTAJE AC DEL SISTEMA L1-L2","216.0","V","1/12/2025, 9:23:02 p. m."
"TR - IDEO CALI","01 - VOLTAJE AC DEL SISTEMA L1-L2","216.0","V","1/12/2025, 9:26:03 p. m."
"TR - IDEO CALI","01 - VOLTAJE AC DEL SISTEMA L1-L2","217.0","V","1/12/2025, 9:29:04 p. m."
"TR - IDEO CALI","01 - VOLTAJE AC DEL SISTEMA L1-L2","216.0","V","1/12/2025, 9:32:04 p. m."
"TR - IDEO CALI","01 - VOLTAJE AC DEL SISTEMA L1-L2","217.0","V","1/12/2025, 9:35:04 p. m."
"TR - IDEO CALI","01 - VOLTAJE AC DEL SISTEMA L1-L2","217.0","V","1/12/2025, 9:38:05 p. m."
"TR - IDEO CALI","01 - VOLTAJE AC DEL SISTEMA L1-L2","217.0","V","1/12/2025, 9:41:05 p. m."
"TR - IDEO CALI","01 - VOLTAJE AC DEL SISTEMA L1-L2","217.0","V","1/12/2025, 9:44:04 p. m."
"TR - IDEO CALI","01 - VOLTAJE AC DEL SISTEMA L1-L2","218.0","V","1/12/2025, 9:47:04 p. m."
"TR - IDEO CALI","01 - VOLTAJE AC DEL SISTEMA L1-L2","215.0","V","1/12/2025, 9:50:04 p. m."
"TR - IDEO CALI","01 - VOLTAJE AC DEL SISTEMA L1-L2","215.0","V","1/12/2025, 9:53:04 p. m."
"TR - IDEO CALI","01 - VOLTAJE AC DEL SISTEMA L1-L2","215.0","V","1/12/2025, 9:56:05 p. m."
"TR - IDEO CALI","01 - VOLTAJE AC DEL SISTEMA L1-L2","216.0","V","1/12/2025, 9:59:04 p. m."
"TR - IDEO CALI","01 - VOLTAJE AC DEL SISTEMA L1-L2","214.0","V","1/12/2025, 10:02:05 p. m."
"TR - IDEO CALI","01 - VOLTAJE AC DEL SISTEMA L1-L2","215.0","V","1/12/2025, 10:05:05 p. m."
"TR - IDEO CALI","01 - VOLTAJE AC DEL SISTEMA L1-L2","215.0","V","1/12/2025, 10:08:05 p. m."
"TR - IDEO CALI","01 - VOLTAJE AC DEL SISTEMA L1-L2","215.0","V","1/12/2025, 10:11:04 p. m."
"TR - IDEO CALI","01 - VOLTAJE AC DEL SISTEMA L1-L2","215.0","V","1/12/2025, 10:14:03 p. m."
"TR - IDEO CALI","01 - VOLTAJE AC DEL SISTEMA L1-L2","215.0","V","1/12/2025, 10:17:04 p. m."
"TR - IDEO CALI","01 - VOLTAJE AC DEL SISTEMA L1-L2","214.0","V","1/12/2025, 10:20:05 p. m."
"TR - IDEO CALI","01 - VOLTAJE AC DEL SISTEMA L1-L2","214.0","V","1/12/2025, 10:23:04 p. m."
"TR - IDEO CALI","01 - VOLTAJE AC DEL SISTEMA L1-L2","215.0","V","1/12/2025, 10:26:04 p. m."
"TR - IDEO CALI","01 - VOLTAJE AC DEL SISTEMA L1-L2","215.0","V","1/12/2025, 10:29:04 p. m."
"TR - IDEO CALI","01 - VOLTAJE AC DEL SISTEMA L1-L2","216.0","V","1/12/2025, 10:32:04 p. m."
"TR - IDEO CALI","01 - VOLTAJE AC DEL SISTEMA L1-L2","215.0","V","1/12/2025, 10:35:04 p. m."
"TR - IDEO CALI","01 - VOLTAJE AC DEL SISTEMA L1-L2","215.0","V","1/12/2025, 10:38:05 p. m."
"TR - IDEO CALI","01 - VOLTAJE AC DEL SISTEMA L1-L2","215.0","V","1/12/2025, 10:41:05 p. m."
"TR - IDEO CALI","01 - VOLTAJE AC DEL SISTEMA L1-L2","215.0","V","1/12/2025, 10:44:04 p. m."
"TR - IDEO CALI","01 - VOLTAJE AC DEL SISTEMA L1-L2","215.0","V","1/12/2025, 10:47:04 p. m."
"TR - IDEO CALI","01 - VOLTAJE AC DEL SISTEMA L1-L2","215.0","V","1/12/2025, 10:50:05 p. m."
"TR - IDEO CALI","01 - VOLTAJE AC DEL SISTEMA L1-L2","215.0","V","1/12/2025, 10:53:04 p. m."
"TR - IDEO CALI","01 - VOLTAJE AC DEL SISTEMA L1-L2","215.0","V","1/12/2025, 10:56:03 p. m."
"TR - IDEO CALI","01 - VOLTAJE AC DEL SISTEMA L1-L2","216.0","V","1/12/2025, 10:59:02 p. m."
"TR - IDEO CALI","01 - VOLTAJE AC DEL SISTEMA L1-L2","215.0","V","1/12/2025, 11:02:01 p. m."
"TR - IDEO CALI","01 - VOLTAJE AC DEL SISTEMA L1-L2","214.0","V","1/12/2025, 11:05:01 p. m."
"TR - IDEO CALI","01 - VOLTAJE AC DEL SISTEMA L1-L2","215.0","V","1/12/2025, 11:08:00 p. m."
"TR - IDEO CALI","01 - VOLTAJE AC DEL SISTEMA L1-L2","214.0","V","1/12/2025, 11:11:01 p. m."
"TR - IDEO CALI","01 - VOLTAJE AC DEL SISTEMA L1-L2","214.0","V","1/12/2025, 11:14:01 p. m."
"TR - IDEO CALI","01 - VOLTAJE AC DEL SISTEMA L1-L2","215.0","V","1/12/2025, 11:17:02 p. m."
"TR - IDEO CALI","01 - VOLTAJE AC DEL SISTEMA L1-L2","215.0","V","1/12/2025, 11:20:02 p. m."
"TR - IDEO CALI","01 - VOLTAJE AC DEL SISTEMA L1-L2","215.0","V","1/12/2025, 11:23:01 p. m."
"TR - IDEO CALI","01 - VOLTAJE AC DEL SISTEMA L1-L2","215.0","V","1/12/2025, 11:26:02 p. m."
"TR - IDEO CALI","01 - VOLTAJE AC DEL SISTEMA L1-L2","215.0","V","1/12/2025, 11:29:01 p. m."
"TR - IDEO CALI","01 - VOLTAJE AC DEL SISTEMA L1-L2","215.0","V","1/12/2025, 11:32:00 p. m."
"TR - IDEO CALI","01 - VOLTAJE AC DEL SISTEMA L1-L2","214.0","V","1/12/2025, 11:34:59 p. m."
"TR - IDEO CALI","01 - VOLTAJE AC DEL SISTEMA L1-L2","215.0","V","1/12/2025, 11:37:59 p. m."
"TR - IDEO CALI","01 - VOLTAJE AC DEL SISTEMA L1-L2","214.0","V","1/12/2025, 11:40:58 p. m."
"TR - IDEO CALI","01 - VOLTAJE AC DEL SISTEMA L1-L2","215.0","V","1/12/2025, 11:43:58 p. m."
"TR - IDEO CALI","01 - VOLTAJE AC DEL SISTEMA L1-L2","214.0","V","1/12/2025, 11:46:59 p. m."
"TR - IDEO CALI","01 - VOLTAJE AC DEL SISTEMA L1-L2","215.0","V","1/12/2025, 11:49:58 p. m."
"TR - IDEO CALI","01 - VOLTAJE AC DEL SISTEMA L1-L2","214.0","V","1/12/2025, 11:52:59 p. m."
"TR - IDEO CALI","01 - VOLTAJE AC DEL SISTEMA L1-L2","214.0","V","1/12/2025, 11:55:58 p. m."
"TR - IDEO CALI","01 - VOLTAJE AC DEL SISTEMA L1-L2","214.0","V","1/12/2025, 11:58:57 p. m."
"TR - IDEO CALI","01 - VOLTAJE AC DEL SISTEMA L1-L2","216.0","V","2/12/2025, 12:01:56 a. m."
"TR - IDEO CALI","01 - VOLTAJE AC DEL SISTEMA L1-L2","215.0","V","2/12/2025, 12:04:55 a. m."
"TR - IDEO CALI","01 - VOLTAJE AC DEL SISTEMA L1-L2","214.0","V","2/12/2025, 12:07:54 a. m."
"TR - IDEO CALI","01 - VOLTAJE AC DEL SISTEMA L1-L2","213.0","V","2/12/2025, 12:10:53 a. m."
"TR - IDEO CALI","01 - VOLTAJE AC DEL SISTEMA L1-L2","215.0","V","2/12/2025, 12:13:54 a. m."
"TR - IDEO CALI","01 - VOLTAJE AC DEL SISTEMA L1-L2","215.0","V","2/12/2025, 12:16:53 a. m."
"TR - IDEO CALI","01 - VOLTAJE AC DEL SISTEMA L1-L2","216.0","V","2/12/2025, 12:19:53 a. m."
"TR - IDEO CALI","01 - VOLTAJE AC DEL SISTEMA L1-L2","215.0","V","2/12/2025, 12:22:53 a. m."
"TR - IDEO CALI","01 - VOLTAJE AC DEL SISTEMA L1-L2","215.0","V","2/12/2025, 12:25:52 a. m."
"TR - IDEO CALI","01 - VOLTAJE AC DEL SISTEMA L1-L2","214.0","V","2/12/2025, 12:28:53 a. m."
"TR - IDEO CALI","01 - VOLTAJE AC DEL SISTEMA L1-L2","214.0","V","2/12/2025, 12:31:52 a. m."
"TR - IDEO CALI","01 - VOLTAJE AC DEL SISTEMA L1-L2","214.0","V","2/12/2025, 12:34:53 a. m."
"TR - IDEO CALI","01 - VOLTAJE AC DEL SISTEMA L1-L2","216.0","V","2/12/2025, 12:37:53 a. m."
"TR - IDEO CALI","01 - VOLTAJE AC DEL SISTEMA L1-L2","216.0","V","2/12/2025, 12:40:53 a. m."
"TR - IDEO CALI","01 - VOLTAJE AC DEL SISTEMA L1-L2","216.0","V","2/12/2025, 12:43:52 a. m."
"TR - IDEO CALI","01 - VOLTAJE AC DEL SISTEMA L1-L2","216.0","V","2/12/2025, 12:46:52 a. m."
"TR - IDEO CALI","01 - VOLTAJE AC DEL SISTEMA L1-L2","Unplugged","V","2/12/2025, 12:49:51 a. m."
"TR - IDEO CALI","01 - VOLTAJE AC DEL SISTEMA L1-L2","214.0","V","2/12/2025, 12:52:52 a. m."
"TR - IDEO CALI","01 - VOLTAJE AC DEL SISTEMA L1-L2","216.0","V","2/12/2025, 12:55:53 a. m."
"TR - IDEO CALI","01 - VOLTAJE AC DEL SISTEMA L1-L2","215.0","V","2/12/2025, 12:58:54 a. m."
"TR - IDEO CALI","01 - VOLTAJE AC DEL SISTEMA L1-L2","215.0","V","2/12/2025, 1:01:55 a. m."
"TR - IDEO CALI","01 - VOLTAJE AC DEL SISTEMA L1-L2","215.0","V","2/12/2025, 1:04:56 a. m."
"TR - IDEO CALI","01 - VOLTAJE AC DEL SISTEMA L1-L2","216.0","V","2/12/2025, 1:07:55 a. m."
"TR - IDEO CALI","01 - VOLTAJE AC DEL SISTEMA L1-L2","216.0","V","2/12/2025, 1:10:56 a. m."
"TR - IDEO CALI","01 - VOLTAJE AC DEL SISTEMA L1-L2","216.0","V","2/12/2025, 1:13:57 a. m."
"TR - IDEO CALI","01 - VOLTAJE AC DEL SISTEMA L1-L2","216.0","V","2/12/2025, 1:16:57 a. m."
"TR - IDEO CALI","01 - VOLTAJE AC DEL SISTEMA L1-L2","216.0","V","2/12/2025, 1:19:57 a. m."
"TR - IDEO CALI","01 - VOLTAJE AC DEL SISTEMA L1-L2","215.0","V","2/12/2025, 1:22:56 a. m."
"TR - IDEO CALI","01 - VOLTAJE AC DEL SISTEMA L1-L2","214.0","V","2/12/2025, 1:25:55 a. m."
"TR - IDEO CALI","01 - VOLTAJE AC DEL SISTEMA L1-L2","215.0","V","2/12/2025, 1:28:54 a. m."
"TR - IDEO CALI","01 - VOLTAJE AC DEL SISTEMA L1-L2","215.0","V","2/12/2025, 1:31:53 a. m."
"TR - IDEO CALI","01 - VOLTAJE AC DEL SISTEMA L1-L2","215.0","V","2/12/2025, 1:34:54 a. m."
"TR - IDEO CALI","01 - VOLTAJE AC DEL SISTEMA L1-L2","215.0","V","2/12/2025, 1:37:55 a. m."
"TR - IDEO CALI","01 - VOLTAJE AC DEL SISTEMA L1-L2","215.0","V","2/12/2025, 1:40:55 a. m."
"TR - IDEO CALI","01 - VOLTAJE AC DEL SISTEMA L1-L2","215.0","V","2/12/2025, 1:43:54 a. m."
"TR - IDEO CALI","01 - VOLTAJE AC DEL SISTEMA L1-L2","215.0","V","2/12/2025, 1:46:54 a. m."
"TR - IDEO CALI","01 - VOLTAJE AC DEL SISTEMA L1-L2","215.0","V","2/12/2025, 1:49:53 a. m."
"TR - IDEO CALI","01 - VOLTAJE AC DEL SISTEMA L1-L2","216.0","V","2/12/2025, 1:52:52 a. m."
"TR - IDEO CALI","01 - VOLTAJE AC DEL SISTEMA L1-L2","216.0","V","2/12/2025, 1:55:51 a. m."
"TR - IDEO CALI","01 - VOLTAJE AC DEL SISTEMA L1-L2","215.0","V","2/12/2025, 1:58:52 a. m."
"TR - IDEO CALI","01 - VOLTAJE AC DEL SISTEMA L1-L2","215.0","V","2/12/2025, 2:01:53 a. m."
"TR - IDEO CALI","01 - VOLTAJE AC DEL SISTEMA L1-L2","216.0","V","2/12/2025, 2:04:52 a. m."
"TR - IDEO CALI","01 - VOLTAJE AC DEL SISTEMA L1-L2","216.0","V","2/12/2025, 2:07:53 a. m."
"TR - IDEO CALI","01 - VOLTAJE AC DEL SISTEMA L1-L2","216.0","V","2/12/2025, 2:10:53 a. m."
"TR - IDEO CALI","01 - VOLTAJE AC DEL SISTEMA L1-L2","216.0","V","2/12/2025, 2:13:54 a. m."
"TR - IDEO CALI","01 - VOLTAJE AC DEL SISTEMA L1-L2","215.0","V","2/12/2025, 2:16:55 a. m."
"TR - IDEO CALI","01 - VOLTAJE AC DEL SISTEMA L1-L2","215.0","V","2/12/2025, 2:19:56 a. m."
"TR - IDEO CALI","01 - VOLTAJE AC DEL SISTEMA L1-L2","216.0","V","2/12/2025, 2:22:56 a. m."
"TR - IDEO CALI","01 - VOLTAJE AC DEL SISTEMA L1-L2","215.0","V","2/12/2025, 2:25:55 a. m."
"TR - IDEO CALI","01 - VOLTAJE AC DEL SISTEMA L1-L2","215.0","V","2/12/2025, 2:28:54 a. m."
"TR - IDEO CALI","01 - VOLTAJE AC DEL SISTEMA L1-L2","216.0","V","2/12/2025, 2:31:53 a. m."
"TR - IDEO CALI","01 - VOLTAJE AC DEL SISTEMA L1-L2","215.0","V","2/12/2025, 2:34:54 a. m."
"TR - IDEO CALI","01 - VOLTAJE AC DEL SISTEMA L1-L2","216.0","V","2/12/2025, 2:37:55 a. m."
"TR - IDEO CALI","01 - VOLTAJE AC DEL SISTEMA L1-L2","215.0","V","2/12/2025, 2:40:55 a. m."
"TR - IDEO CALI","01 - VOLTAJE AC DEL SISTEMA L1-L2","215.0","V","2/12/2025, 2:43:56 a. m."
"TR - IDEO CALI","01 - VOLTAJE AC DEL SISTEMA L1-L2","215.0","V","2/12/2025, 2:46:56 a. m."
"TR - IDEO CALI","01 - VOLTAJE AC DEL SISTEMA L1-L2","215.0","V","2/12/2025, 2:49:57 a. m."
"TR - IDEO CALI","01 - VOLTAJE AC DEL SISTEMA L1-L2","215.0","V","2/12/2025, 2:52:58 a. m."
"TR - IDEO CALI","01 - VOLTAJE AC DEL SISTEMA L1-L2","217.0","V","2/12/2025, 2:55:59 a. m."
"TR - IDEO CALI","01 - VOLTAJE AC DEL SISTEMA L1-L2","217.0","V","2/12/2025, 2:58:59 a. m."
"TR - IDEO CALI","01 - VOLTAJE AC DEL SISTEMA L1-L2","216.0","V","2/12/2025, 3:01:59 a. m."
"TR - IDEO CALI","01 - VOLTAJE AC DEL SISTEMA L1-L2","216.0","V","2/12/2025, 3:04:59 a. m."
"TR - IDEO CALI","01 - VOLTAJE AC DEL SISTEMA L1-L2","216.0","V","2/12/2025, 3:08:00 a. m."
"TR - IDEO CALI","01 - VOLTAJE AC DEL SISTEMA L1-L2","217.0","V","2/12/2025, 3:11:00 a. m."
"TR - IDEO CALI","01 - VOLTAJE AC DEL SISTEMA L1-L2","216.0","V","2/12/2025, 3:14:01 a. m."
"TR - IDEO CALI","01 - VOLTAJE AC DEL SISTEMA L1-L2","216.0","V","2/12/2025, 3:17:02 a. m."
"TR - IDEO CALI","01 - VOLTAJE AC DEL SISTEMA L1-L2","215.0","V","2/12/2025, 3:20:01 a. m."
"TR - IDEO CALI","01 - VOLTAJE AC DEL SISTEMA L1-L2","215.0","V","2/12/2025, 3:23:02 a. m."
"TR - IDEO CALI","01 - VOLTAJE AC DEL SISTEMA L1-L2","215.0","V","2/12/2025, 3:26:03 a. m."
"TR - IDEO CALI","01 - VOLTAJE AC DEL SISTEMA L1-L2","215.0","V","2/12/2025, 3:29:04 a. m."
"TR - IDEO CALI","01 - VOLTAJE AC DEL SISTEMA L1-L2","215.0","V","2/12/2025, 3:32:03 a. m."
"TR - IDEO CALI","01 - VOLTAJE AC DEL SISTEMA L1-L2","215.0","V","2/12/2025, 3:35:03 a. m."
"TR - IDEO CALI","01 - VOLTAJE AC DEL SISTEMA L1-L2","216.0","V","2/12/2025, 3:38:04 a. m."
"TR - IDEO CALI","01 - VOLTAJE AC DEL SISTEMA L1-L2","215.0","V","2/12/2025, 3:41:05 a. m."
"TR - IDEO CALI","01 - VOLTAJE AC DEL SISTEMA L1-L2","216.0","V","2/12/2025, 3:44:05 a. m."
"TR - IDEO CALI","01 - VOLTAJE AC DEL SISTEMA L1-L2","216.0","V","2/12/2025, 3:47:04 a. m."
"TR - IDEO CALI","01 - VOLTAJE AC DEL SISTEMA L1-L2","215.0","V","2/12/2025, 3:50:05 a. m."
"TR - IDEO CALI","01 - VOLTAJE AC DEL SISTEMA L1-L2","215.0","V","2/12/2025, 3:53:05 a. m."
"TR - IDEO CALI","01 - VOLTAJE AC DEL SISTEMA L1-L2","215.0","V","2/12/2025, 3:56:04 a. m."
"TR - IDEO CALI","01 - VOLTAJE AC DEL SISTEMA L1-L2","215.0","V","2/12/2025, 3:59:03 a. m."
"TR - IDEO CALI","01 - VOLTAJE AC DEL SISTEMA L1-L2","216.0","V","2/12/2025, 4:02:04 a. m."
"TR - IDEO CALI","01 - VOLTAJE AC DEL SISTEMA L1-L2","215.0","V","2/12/2025, 4:05:05 a. m."
"TR - IDEO CALI","01 - VOLTAJE AC DEL SISTEMA L1-L2","214.0","V","2/12/2025, 4:08:05 a. m."
"TR - IDEO CALI","01 - VOLTAJE AC DEL SISTEMA L1-L2","214.0","V","2/12/2025, 4:11:05 a. m."
"TR - IDEO CALI","01 - VOLTAJE AC DEL SISTEMA L1-L2","215.0","V","2/12/2025, 4:14:05 a. m."
"TR - IDEO CALI","01 - VOLTAJE AC DEL SISTEMA L1-L2","215.0","V","2/12/2025, 4:17:05 a. m."
"TR - IDEO CALI","01 - VOLTAJE AC DEL SISTEMA L1-L2","215.0","V","2/12/2025, 4:20:06 a. m."
"TR - IDEO CALI","01 - VOLTAJE AC DEL SISTEMA L1-L2","215.0","V","2/12/2025, 4:23:07 a. m."
"TR - IDEO CALI","01 - VOLTAJE AC DEL SISTEMA L1-L2","215.0","V","2/12/2025, 4:26:06 a. m."
"TR - IDEO CALI","01 - VOLTAJE AC DEL SISTEMA L1-L2","215.0","V","2/12/2025, 4:29:05 a. m."
"TR - IDEO CALI","01 - VOLTAJE AC DEL SISTEMA L1-L2","215.0","V","2/12/2025, 4:32:04 a. m."
"TR - IDEO CALI","01 - VOLTAJE AC DEL SISTEMA L1-L2","214.0","V","2/12/2025, 4:35:05 a. m."
"TR - IDEO CALI","01 - VOLTAJE AC DEL SISTEMA L1-L2","214.0","V","2/12/2025, 4:38:06 a. m."
"TR - IDEO CALI","01 - VOLTAJE AC DEL SISTEMA L1-L2","214.0","V","2/12/2025, 4:41:07 a. m."
"TR - IDEO CALI","01 - VOLTAJE AC DEL SISTEMA L1-L2","215.0","V","2/12/2025, 4:44:08 a. m."
"TR - IDEO CALI","01 - VOLTAJE AC DEL SISTEMA L1-L2","215.0","V","2/12/2025, 4:47:07 a. m."
"TR - IDEO CALI","01 - VOLTAJE AC DEL SISTEMA L1-L2","215.0","V","2/12/2025, 4:50:08 a. m."
"TR - IDEO CALI","01 - VOLTAJE AC DEL SISTEMA L1-L2","215.0","V","2/12/2025, 4:53:07 a. m."
"TR - IDEO CALI","01 - VOLTAJE AC DEL SISTEMA L1-L2","213.0","V","2/12/2025, 4:56:06 a. m."
"TR - IDEO CALI","01 - VOLTAJE AC DEL SISTEMA L1-L2","215.0","V","2/12/2025, 4:59:05 a. m."
"TR - IDEO CALI","01 - VOLTAJE AC DEL SISTEMA L1-L2","215.0","V","2/12/2025, 5:02:06 a. m."
"TR - IDEO CALI","01 - VOLTAJE AC DEL SISTEMA L1-L2","217.0","V","2/12/2025, 5:05:07 a. m."
"TR - IDEO CALI","01 - VOLTAJE AC DEL SISTEMA L1-L2","214.0","V","2/12/2025, 5:08:06 a. m."
"TR - IDEO CALI","01 - VOLTAJE AC DEL SISTEMA L1-L2","215.0","V","2/12/2025, 5:11:05 a. m."
"TR - IDEO CALI","01 - VOLTAJE AC DEL SISTEMA L1-L2","215.0","V","2/12/2025, 5:14:06 a. m."
"TR - IDEO CALI","01 - VOLTAJE AC DEL SISTEMA L1-L2","215.0","V","2/12/2025, 5:17:07 a. m."
"TR - IDEO CALI","01 - VOLTAJE AC DEL SISTEMA L1-L2","214.0","V","2/12/2025, 5:20:06 a. m."
"TR - IDEO CALI","01 - VOLTAJE AC DEL SISTEMA L1-L2","215.0","V","2/12/2025, 5:23:05 a. m."
"TR - IDEO CALI","01 - VOLTAJE AC DEL SISTEMA L1-L2","216.0","V","2/12/2025, 5:26:05 a. m."
"TR - IDEO CALI","01 - VOLTAJE AC DEL SISTEMA L1-L2","216.0","V","2/12/2025, 5:29:04 a. m."
"TR - IDEO CALI","01 - VOLTAJE AC DEL SISTEMA L1-L2","215.0","V","2/12/2025, 5:32:03 a. m."
"TR - IDEO CALI","01 - VOLTAJE AC DEL SISTEMA L1-L2","215.0","V","2/12/2025, 5:35:02 a. m."
"TR - IDEO CALI","01 - VOLTAJE AC DEL SISTEMA L1-L2","215.0","V","2/12/2025, 5:38:02 a. m."
"TR - IDEO CALI","01 - VOLTAJE AC DEL SISTEMA L1-L2","215.0","V","2/12/2025, 5:41:01 a. m."
"TR - IDEO CALI","01 - VOLTAJE AC DEL SISTEMA L1-L2","215.0","V","2/12/2025, 5:44:01 a. m."
"TR - IDEO CALI","01 - VOLTAJE AC DEL SISTEMA L1-L2","215.0","V","2/12/2025, 5:47:00 a. m."
"TR - IDEO CALI","01 - VOLTAJE AC DEL SISTEMA L1-L2","217.0","V","2/12/2025, 5:50:01 a. m."
"TR - IDEO CALI","01 - VOLTAJE AC DEL SISTEMA L1-L2","217.0","V","2/12/2025, 5:53:02 a. m."
"TR - IDEO CALI","01 - VOLTAJE AC DEL SISTEMA L1-L2","217.0","V","2/12/2025, 5:56:01 a. m."
"TR - IDEO CALI","01 - VOLTAJE AC DEL SISTEMA L1-L2","217.0","V","2/12/2025, 5:59:00 a. m."
"TR - IDEO CALI","01 - VOLTAJE AC DEL SISTEMA L1-L2","216.0","V","2/12/2025, 6:02:01 a. m."
"TR - IDEO CALI","01 - VOLTAJE AC DEL SISTEMA L1-L2","217.0","V","2/12/2025, 6:05:02 a. m."
"TR - IDEO CALI","01 - VOLTAJE AC DEL SISTEMA L1-L2","216.0","V","2/12/2025, 6:08:03 a. m."
"TR - IDEO CALI","01 - VOLTAJE AC DEL SISTEMA L1-L2","216.0","V","2/12/2025, 6:11:03 a. m."
"TR - IDEO CALI","01 - VOLTAJE AC DEL SISTEMA L1-L2","216.0","V","2/12/2025, 6:14:03 a. m."
"TR - IDEO CALI","01 - VOLTAJE AC DEL SISTEMA L1-L2","216.0","V","2/12/2025, 6:17:04 a. m."
"TR - IDEO CALI","01 - VOLTAJE AC DEL SISTEMA L1-L2","216.0","V","2/12/2025, 6:20:05 a. m."
"TR - IDEO CALI","01 - VOLTAJE AC DEL SISTEMA L1-L2","214.0","V","2/12/2025, 6:23:04 a. m."
"TR - IDEO CALI","01 - VOLTAJE AC DEL SISTEMA L1-L2","216.0","V","2/12/2025, 6:26:05 a. m."
"TR - IDEO CALI","01 - VOLTAJE AC DEL SISTEMA L1-L2","216.0","V","2/12/2025, 6:29:06 a. m."
"TR - IDEO CALI","01 - VOLTAJE AC DEL SISTEMA L1-L2","215.0","V","2/12/2025, 6:32:05 a. m."
"TR - IDEO CALI","01 - VOLTAJE AC DEL SISTEMA L1-L2","215.0","V","2/12/2025, 6:35:04 a. m."
"TR - IDEO CALI","01 - VOLTAJE AC DEL SISTEMA L1-L2","215.0","V","2/12/2025, 6:38:04 a. m."
"TR - IDEO CALI","01 - VOLTAJE AC DEL SISTEMA L1-L2","213.0","V","2/12/2025, 6:41:03 a. m."
"TR - IDEO CALI","01 - VOLTAJE AC DEL SISTEMA L1-L2","215.0","V","2/12/2025, 6:44:03 a. m."
"TR - IDEO CALI","01 - VOLTAJE AC DEL SISTEMA L1-L2","215.0","V","2/12/2025, 6:47:03 a. m."
"TR - IDEO CALI","01 - VOLTAJE AC DEL SISTEMA L1-L2","214.0","V","2/12/2025, 6:50:02 a. m."
"TR - IDEO CALI","01 - VOLTAJE AC DEL SISTEMA L1-L2","215.0","V","2/12/2025, 6:53:02 a. m."
"TR - IDEO CALI","01 - VOLTAJE AC DEL SISTEMA L1-L2","215.0","V","2/12/2025, 6:56:02 a. m."
"TR - IDEO CALI","01 - VOLTAJE AC DEL SISTEMA L1-L2","214.0","V","2/12/2025, 6:59:03 a. m."
"TR - IDEO CALI","01 - VOLTAJE AC DEL SISTEMA L1-L2","214.0","V","2/12/2025, 7:02:03 a. m."
"TR - IDEO CALI","01 - VOLTAJE AC DEL SISTEMA L1-L2","214.0","V","2/12/2025, 7:05:04 a. m."
"TR - IDEO CALI","01 - VOLTAJE AC DEL SISTEMA L1-L2","213.0","V","2/12/2025, 7:08:05 a. m."
"TR - IDEO CALI","01 - VOLTAJE AC DEL SISTEMA L1-L2","214.0","V","2/12/2025, 7:11:04 a. m."
"TR - IDEO CALI","01 - VOLTAJE AC DEL SISTEMA L1-L2","215.0","V","2/12/2025, 7:14:05 a. m."
"TR - IDEO CALI","01 - VOLTAJE AC DEL SISTEMA L1-L2","216.0","V","2/12/2025, 7:17:06 a. m."
"TR - IDEO CALI","01 - VOLTAJE AC DEL SISTEMA L1-L2","214.0","V","2/12/2025, 7:20:05 a. m."
"TR - IDEO CALI","01 - VOLTAJE AC DEL SISTEMA L1-L2","214.0","V","2/12/2025, 7:23:04 a. m."
"TR - IDEO CALI","01 - VOLTAJE AC DEL SISTEMA L1-L2","215.0","V","2/12/2025, 7:26:03 a. m."
"TR - IDEO CALI","01 - VOLTAJE AC DEL SISTEMA L1-L2","214.0","V","2/12/2025, 7:29:03 a. m."
"TR - IDEO CALI","01 - VOLTAJE AC DEL SISTEMA L1-L2","215.0","V","2/12/2025, 7:32:04 a. m."
"TR - IDEO CALI","01 - VOLTAJE AC DEL SISTEMA L1-L2","215.0","V","2/12/2025, 7:35:05 a. m."
"TR - IDEO CALI","01 - VOLTAJE AC DEL SISTEMA L1-L2","215.0","V","2/12/2025, 7:38:04 a. m."
"TR - IDEO CALI","01 - VOLTAJE AC DEL SISTEMA L1-L2","215.0","V","2/12/2025, 7:41:04 a. m."
"TR - IDEO CALI","01 - VOLTAJE AC DEL SISTEMA L1-L2","215.0","V","2/12/2025, 7:44:04 a. m."
"TR - IDEO CALI","01 - VOLTAJE AC DEL SISTEMA L1-L2","215.0","V","2/12/2025, 7:47:05 a. m."
"TR - IDEO CALI","01 - VOLTAJE AC DEL SISTEMA L1-L2","214.0","V","2/12/2025, 7:50:06 a. m."
"TR - IDEO CALI","01 - VOLTAJE AC DEL SISTEMA L1-L2","214.0","V","2/12/2025, 7:53:06 a. m."
"TR - IDEO CALI","01 - VOLTAJE AC DEL SISTEMA L1-L2","214.0","V","2/12/2025, 7:56:06 a. m."
"TR - IDEO CALI","01 - VOLTAJE AC DEL SISTEMA L1-L2","214.0","V","2/12/2025, 7:59:07 a. m."
"TR - IDEO CALI","01 - VOLTAJE AC DEL SISTEMA L1-L2","213.0","V","2/12/2025, 8:02:06 a. m."
"TR - IDEO CALI","01 - VOLTAJE AC DEL SISTEMA L1-L2","212.0","V","2/12/2025, 8:05:05 a. m."
"TR - IDEO CALI","01 - VOLTAJE AC DEL SISTEMA L1-L2","213.0","V","2/12/2025, 8:08:04 a. m."
"TR - IDEO CALI","01 - VOLTAJE AC DEL SISTEMA L1-L2","213.0","V","2/12/2025, 8:11:03 a. m."
"TR - IDEO CALI","01 - VOLTAJE AC DEL SISTEMA L1-L2","214.0","V","2/12/2025, 8:14:04 a. m."
"TR - IDEO CALI","01 - VOLTAJE AC DEL SISTEMA L1-L2","214.0","V","2/12/2025, 8:17:03 a. m."
"TR - IDEO CALI","01 - VOLTAJE AC DEL SISTEMA L1-L2","214.0","V","2/12/2025, 8:20:04 a. m."
"TR - IDEO CALI","01 - VOLTAJE AC DEL SISTEMA L1-L2","214.0","V","2/12/2025, 8:23:03 a. m."
"TR - IDEO CALI","01 - VOLTAJE AC DEL SISTEMA L1-L2","213.0","V","2/12/2025, 8:26:04 a. m."
"TR - IDEO CALI","01 - VOLTAJE AC DEL SISTEMA L1-L2","214.0","V","2/12/2025, 8:29:03 a. m."
"TR - IDEO CALI","01 - VOLTAJE AC DEL SISTEMA L1-L2","213.0","V","2/12/2025, 8:32:04 a. m."
"TR - IDEO CALI","01 - VOLTAJE AC DEL SISTEMA L1-L2","213.0","V","2/12/2025, 8:35:03 a. m."
"TR - IDEO CALI","01 - VOLTAJE AC DEL SISTEMA L1-L2","212.0","V","2/12/2025, 8:38:03 a. m."
"TR - IDEO CALI","01 - VOLTAJE AC DEL SISTEMA L1-L2","213.0","V","2/12/2025, 8:41:04 a. m."
"TR - IDEO CALI","01 - VOLTAJE AC DEL SISTEMA L1-L2","214.0","V","2/12/2025, 8:44:04 a. m."
"TR - IDEO CALI","01 - VOLTAJE AC DEL SISTEMA L1-L2","214.0","V","2/12/2025, 8:47:04 a. m."
"TR - IDEO CALI","01 - VOLTAJE AC DEL SISTEMA L1-L2","216.0","V","2/12/2025, 8:50:05 a. m."
"TR - IDEO CALI","01 - VOLTAJE AC DEL SISTEMA L1-L2","215.0","V","2/12/2025, 8:53:04 a. m."
"TR - IDEO CALI","01 - VOLTAJE AC DEL SISTEMA L1-L2","216.0","V","2/12/2025, 8:56:05 a. m."
"TR - IDEO CALI","01 - VOLTAJE AC DEL SISTEMA L1-L2","215.0","V","2/12/2025, 8:59:05 a. m."
"TR - IDEO CALI","01 - VOLTAJE AC DEL SISTEMA L1-L2","214.0","V","2/12/2025, 9:02:06 a. m."
"TR - IDEO CALI","01 - VOLTAJE AC DEL SISTEMA L1-L2","216.0","V","2/12/2025, 9:05:05 a. m."
"TR - IDEO CALI","01 - VOLTAJE AC DEL SISTEMA L1-L2","216.0","V","2/12/2025, 9:08:05 a. m."
"TR - IDEO CALI","01 - VOLTAJE AC DEL SISTEMA L1-L2","217.0","V","2/12/2025, 9:11:04 a. m."
"TR - IDEO CALI","01 - VOLTAJE AC DEL SISTEMA L1-L2","216.0","V","2/12/2025, 9:14:05 a. m."
"TR - IDEO CALI","01 - VOLTAJE AC DEL SISTEMA L1-L2","215.0","V","2/12/2025, 9:17:05 a. m."
"TR - IDEO CALI","01 - VOLTAJE AC DEL SISTEMA L1-L2","216.0","V","2/12/2025, 9:20:06 a. m."
"TR - IDEO CALI","01 - VOLTAJE AC DEL SISTEMA L1-L2","215.0","V","2/12/2025, 9:23:05 a. m."
"TR - IDEO CALI","01 - VOLTAJE AC DEL SISTEMA L1-L2","214.0","V","2/12/2025, 9:26:06 a. m."
"TR - IDEO CALI","01 - VOLTAJE AC DEL SISTEMA L1-L2","215.0","V","2/12/2025, 9:29:05 a. m."
"TR - IDEO CALI","01 - VOLTAJE AC DEL SISTEMA L1-L2","215.0","V","2/12/2025, 9:32:05 a. m."
"TR - IDEO CALI","01 - VOLTAJE AC DEL SISTEMA L1-L2","215.0","V","2/12/2025, 9:35:05 a. m."
"TR - IDEO CALI","01 - VOLTAJE AC DEL SISTEMA L1-L2","214.0","V","2/12/2025, 9:38:06 a. m."
"TR - IDEO CALI","01 - VOLTAJE AC DEL SISTEMA L1-L2","214.0","V","2/12/2025, 9:41:05 a. m."
"TR - IDEO CALI","01 - VOLTAJE AC DEL SISTEMA L1-L2","214.0","V","2/12/2025, 9:44:04 a. m."
"TR - IDEO CALI","01 - VOLTAJE AC DEL SISTEMA L1-L2","214.0","V","2/12/2025, 9:47:04 a. m."
"TR - IDEO CALI","01 - VOLTAJE AC DEL SISTEMA L1-L2","215.0","V","2/12/2025, 9:50:03 a. m."
"TR - IDEO CALI","01 - VOLTAJE AC DEL SISTEMA L1-L2","215.0","V","2/12/2025, 9:53:04 a. m."
"TR - IDEO CALI","01 - VOLTAJE AC DEL SISTEMA L1-L2","214.0","V","2/12/2025, 9:56:03 a. m."
"TR - IDEO CALI","01 - VOLTAJE AC DEL SISTEMA L1-L2","213.0","V","2/12/2025, 9:59:02 a. m."
"TR - IDEO CALI","01 - VOLTAJE AC DEL SISTEMA L1-L2","213.0","V","2/12/2025, 10:02:03 a. m."
"TR - IDEO CALI","01 - VOLTAJE AC DEL SISTEMA L1-L2","213.0","V","2/12/2025, 10:05:02 a. m."
"TR - IDEO CALI","01 - VOLTAJE AC DEL SISTEMA L1-L2","214.0","V","2/12/2025, 10:08:01 a. m."
"TR - IDEO CALI","01 - VOLTAJE AC DEL SISTEMA L1-L2","212.0","V","2/12/2025, 10:11:02 a. m."
"TR - IDEO CALI","01 - VOLTAJE AC DEL SISTEMA L1-L2","215.0","V","2/12/2025, 10:14:01 a. m."
"TR - IDEO CALI","01 - VOLTAJE AC DEL SISTEMA L1-L2","214.0","V","2/12/2025, 10:17:00 a. m."
"TR - IDEO CALI","01 - VOLTAJE AC DEL SISTEMA L1-L2","215.0","V","2/12/2025, 10:20:01 a. m."
"TR - IDEO CALI","01 - VOLTAJE AC DEL SISTEMA L1-L2","214.0","V","2/12/2025, 10:23:01 a. m."
"TR - IDEO CALI","01 - VOLTAJE AC DEL SISTEMA L1-L2","214.0","V","2/12/2025, 10:26:02 a. m."
"TR - IDEO CALI","01 - VOLTAJE AC DEL SISTEMA L1-L2","215.0","V","2/12/2025, 10:29:03 a. m."
"TR - IDEO CALI","01 - VOLTAJE AC DEL SISTEMA L1-L2","214.0","V","2/12/2025, 10:32:02 a. m."
"TR - IDEO CALI","01 - VOLTAJE AC DEL SISTEMA L1-L2","214.0","V","2/12/2025, 10:35:02 a. m."
"TR - IDEO CALI","01 - VOLTAJE AC DEL SISTEMA L1-L2","214.0","V","2/12/2025, 10:38:03 a. m."
"TR - IDEO CALI","01 - VOLTAJE AC DEL SISTEMA L1-L2","215.0","V","2/12/2025, 10:41:04 a. m."
"TR - IDEO CALI","01 - VOLTAJE AC DEL SISTEMA L1-L2","214.0","V","2/12/2025, 10:44:03 a. m."
"TR - IDEO CALI","01 - VOLTAJE AC DEL SISTEMA L1-L2","215.0","V","2/12/2025, 10:47:04 a. m."
"TR - IDEO CALI","01 - VOLTAJE AC DEL SISTEMA L1-L2","214.0","V","2/12/2025, 10:50:04 a. m."
"TR - IDEO CALI","01 - VOLTAJE AC DEL SISTEMA L1-L2","214.0","V","2/12/2025, 10:53:03 a. m."
"TR - IDEO CALI","01 - VOLTAJE AC DEL SISTEMA L1-L2","214.0","V","2/12/2025, 10:56:03 a. m."
"TR - IDEO CALI","01 - VOLTAJE AC DEL SISTEMA L1-L2","213.0","V","2/12/2025, 10:59:02 a. m."
"TR - IDEO CALI","01 - VOLTAJE AC DEL SISTEMA L1-L2","214.0","V","2/12/2025, 11:02:02 a. m."
"TR - IDEO CALI","01 - VOLTAJE AC DEL SISTEMA L1-L2","213.0","V","2/12/2025, 11:05:03 a. m."
"TR - IDEO CALI","01 - VOLTAJE AC DEL SISTEMA L1-L2","213.0","V","2/12/2025, 11:08:03 a. m."
"TR - IDEO CALI","01 - VOLTAJE AC DEL SISTEMA L1-L2","212.0","V","2/12/2025, 11:11:03 a. m."
"TR - IDEO CALI","01 - VOLTAJE AC DEL SISTEMA L1-L2","212.0","V","2/12/2025, 11:14:03 a. m."
"TR - IDEO CALI","01 - VOLTAJE AC DEL SISTEMA L1-L2","213.0","V","2/12/2025, 11:17:04 a. m."
"TR - IDEO CALI","01 - VOLTAJE AC DEL SISTEMA L1-L2","214.0","V","2/12/2025, 11:20:03 a. m."
"TR - IDEO CALI","01 - VOLTAJE AC DEL SISTEMA L1-L2","213.0","V","2/12/2025, 11:23:02 a. m."
"TR - IDEO CALI","01 - VOLTAJE AC DEL SISTEMA L1-L2","212.0","V","2/12/2025, 11:26:02 a. m."
"TR - IDEO CALI","01 - VOLTAJE AC DEL SISTEMA L1-L2","213.0","V","2/12/2025, 11:29:01 a. m."
"TR - IDEO CALI","01 - VOLTAJE AC DEL SISTEMA L1-L2","213.0","V","2/12/2025, 11:32:02 a. m."
"TR - IDEO CALI","01 - VOLTAJE AC DEL SISTEMA L1-L2","213.0","V","2/12/2025, 11:35:01 a. m."
"TR - IDEO CALI","01 - VOLTAJE AC DEL SISTEMA L1-L2","212.0","V","2/12/2025, 11:38:00 a. m."
"TR - IDEO CALI","01 - VOLTAJE AC DEL SISTEMA L1-L2","211.0","V","2/12/2025, 11:40:59 a. m."
"TR - IDEO CALI","01 - VOLTAJE AC DEL SISTEMA L1-L2","213.0","V","2/12/2025, 11:44:00 a. m."
"TR - IDEO CALI","01 - VOLTAJE AC DEL SISTEMA L1-L2","212.0","V","2/12/2025, 11:47:00 a. m."
"TR - IDEO CALI","01 - VOLTAJE AC DEL SISTEMA L1-L2","213.0","V","2/12/2025, 11:50:01 a. m."
"TR - IDEO CALI","01 - VOLTAJE AC DEL SISTEMA L1-L2","213.0","V","2/12/2025, 11:53:00 a. m."
"TR - IDEO CALI","01 - VOLTAJE AC DEL SISTEMA L1-L2","213.0","V","2/12/2025, 11:55:59 a. m."
"TR - IDEO CALI","01 - VOLTAJE AC DEL SISTEMA L1-L2","212.0","V","2/12/2025, 11:58:59 a. m."
"TR - IDEO CALI","01 - VOLTAJE AC DEL SISTEMA L1-L2","213.0","V","2/12/2025, 12:01:58 p. m."
"TR - IDEO CALI","01 - VOLTAJE AC DEL SISTEMA L1-L2","212.0","V","2/12/2025, 12:04:58 p. m."
"TR - IDEO CALI","01 - VOLTAJE AC DEL SISTEMA L1-L2","214.0","V","2/12/2025, 12:07:59 p. m."
"TR - IDEO CALI","01 - VOLTAJE AC DEL SISTEMA L1-L2","214.0","V","2/12/2025, 12:11:00 p. m."
"TR - IDEO CALI","01 - VOLTAJE AC DEL SISTEMA L1-L2","214.0","V","2/12/2025, 12:13:59 p. m."
"TR - IDEO CALI","01 - VOLTAJE AC DEL SISTEMA L1-L2","214.0","V","2/12/2025, 12:16:59 p. m."
"TR - IDEO CALI","01 - VOLTAJE AC DEL SISTEMA L1-L2","213.0","V","2/12/2025, 12:19:58 p. m."
"TR - IDEO CALI","01 - VOLTAJE AC DEL SISTEMA L1-L2","213.0","V","2/12/2025, 12:22:57 p. m."
"TR - IDEO CALI","01 - VOLTAJE AC DEL SISTEMA L1-L2","213.0","V","2/12/2025, 12:25:58 p. m."
"TR - IDEO CALI","01 - VOLTAJE AC DEL SISTEMA L1-L2","213.0","V","2/12/2025, 12:28:59 p. m."
"TR - IDEO CALI","01 - VOLTAJE AC DEL SISTEMA L1-L2","214.0","V","2/12/2025, 12:31:58 p. m."
"TR - IDEO CALI","01 - VOLTAJE AC DEL SISTEMA L1-L2","214.0","V","2/12/2025, 12:34:58 p. m."
"TR - IDEO CALI","01 - VOLTAJE AC DEL SISTEMA L1-L2","213.0","V","2/12/2025, 12:37:59 p. m."
"TR - IDEO CALI","01 - VOLTAJE AC DEL SISTEMA L1-L2","213.0","V","2/12/2025, 12:41:00 p. m."
"TR - IDEO CALI","01 - VOLTAJE AC DEL SISTEMA L1-L2","213.0","V","2/12/2025, 12:44:00 p. m."
"TR - IDEO CALI","01 - VOLTAJE AC DEL SISTEMA L1-L2","213.0","V","2/12/2025, 12:47:01 p. m."
"TR - IDEO CALI","01 - VOLTAJE AC DEL SISTEMA L1-L2","214.0","V","2/12/2025, 12:50:01 p. m."
"TR - IDEO CALI","01 - VOLTAJE AC DEL SISTEMA L1-L2","214.0","V","2/12/2025, 12:53:00 p. m."
"TR - IDEO CALI","01 - VOLTAJE AC DEL SISTEMA L1-L2","214.0","V","2/12/2025, 12:56:00 p. m."
"TR - IDEO CALI","01 - VOLTAJE AC DEL SISTEMA L1-L2","214.0","V","2/12/2025, 12:58:59 p. m."
"TR - IDEO CALI","01 - VOLTAJE AC DEL SISTEMA L1-L2","212.0","V","2/12/2025, 1:01:58 p. m."
"TR - IDEO CALI","01 - VOLTAJE AC DEL SISTEMA L1-L2","213.0","V","2/12/2025, 1:04:59 p. m."
"TR - IDEO CALI","01 - VOLTAJE AC DEL SISTEMA L1-L2","213.0","V","2/12/2025, 1:08:00 p. m."
"TR - IDEO CALI","01 - VOLTAJE AC DEL SISTEMA L1-L2","214.0","V","2/12/2025, 1:10:59 p. m."
"TR - IDEO CALI","01 - VOLTAJE AC DEL SISTEMA L1-L2","212.0","V","2/12/2025, 1:14:00 p. m."
"TR - IDEO CALI","01 - VOLTAJE AC DEL SISTEMA L1-L2","212.0","V","2/12/2025, 1:17:01 p. m."
"TR - IDEO CALI","01 - VOLTAJE AC DEL SISTEMA L1-L2","213.0","V","2/12/2025, 1:20:02 p. m."
"TR - IDEO CALI","01 - VOLTAJE AC DEL SISTEMA L1-L2","213.0","V","2/12/2025, 1:23:01 p. m."
"TR - IDEO CALI","01 - VOLTAJE AC DEL SISTEMA L1-L2","213.0","V","2/12/2025, 1:26:02 p. m."
"TR - IDEO CALI","01 - VOLTAJE AC DEL SISTEMA L1-L2","214.0","V","2/12/2025, 1:29:02 p. m."
"TR - IDEO CALI","01 - VOLTAJE AC DEL SISTEMA L1-L2","213.0","V","2/12/2025, 1:32:02 p. m."
"TR - IDEO CALI","01 - VOLTAJE AC DEL SISTEMA L1-L2","213.0","V","2/12/2025, 1:35:03 p. m."
"TR - IDEO CALI","01 - VOLTAJE AC DEL SISTEMA L1-L2","213.0","V","2/12/2025, 1:38:02 p. m."
"TR - IDEO CALI","01 - VOLTAJE AC DEL SISTEMA L1-L2","212.0","V","2/12/2025, 1:41:03 p. m."
"TR - IDEO CALI","01 - VOLTAJE AC DEL SISTEMA L1-L2","213.0","V","2/12/2025, 1:44:03 p. m."
"TR - IDEO CALI","01 - VOLTAJE AC DEL SISTEMA L1-L2","214.0","V","2/12/2025, 1:47:02 p. m."
"TR - IDEO CALI","01 - VOLTAJE AC DEL SISTEMA L1-L2","214.0","V","2/12/2025, 1:50:03 p. m."
"TR - IDEO CALI","01 - VOLTAJE AC DEL SISTEMA L1-L2","215.0","V","2/12/2025, 1:53:03 p. m."
"TR - IDEO CALI","01 - VOLTAJE AC DEL SISTEMA L1-L2","213.0","V","2/12/2025, 1:56:03 p. m."
"TR - IDEO CALI","01 - VOLTAJE AC DEL SISTEMA L1-L2","214.0","V","2/12/2025, 1:59:03 p. m."
"TR - IDEO CALI","01 - VOLTAJE AC DEL SISTEMA L1-L2","213.0","V","2/12/2025, 2:02:05 p. m."
"TR - IDEO CALI","01 - VOLTAJE AC DEL SISTEMA L1-L2","212.0","V","2/12/2025, 2:05:05 p. m."
"TR - IDEO CALI","01 - VOLTAJE AC DEL SISTEMA L1-L2","214.0","V","2/12/2025, 2:08:04 p. m."
"TR - IDEO CALI","01 - VOLTAJE AC DEL SISTEMA L1-L2","212.0","V","2/12/2025, 2:11:03 p. m."
"TR - IDEO CALI","01 - VOLTAJE AC DEL SISTEMA L1-L2","214.0","V","2/12/2025, 2:14:02 p. m."
"TR - IDEO CALI","01 - VOLTAJE AC DEL SISTEMA L1-L2","215.0","V","2/12/2025, 2:17:03 p. m."
"TR - IDEO CALI","01 - VOLTAJE AC DEL SISTEMA L1-L2","214.0","V","2/12/2025, 2:20:03 p. m."
"TR - IDEO CALI","01 - VOLTAJE AC DEL SISTEMA L1-L2","213.0","V","2/12/2025, 2:23:04 p. m."
"TR - IDEO CALI","01 - VOLTAJE AC DEL SISTEMA L1-L2","214.0","V","2/12/2025, 2:26:05 p. m."
"TR - IDEO CALI","01 - VOLTAJE AC DEL SISTEMA L1-L2","213.0","V","2/12/2025, 2:29:04 p. m."
"TR - IDEO CALI","01 - VOLTAJE AC DEL SISTEMA L1-L2","213.0","V","2/12/2025, 2:32:04 p. m."
"TR - IDEO CALI","01 - VOLTAJE AC DEL SISTEMA L1-L2","214.0","V","2/12/2025, 2:35:05 p. m."
"TR - IDEO CALI","01 - VOLTAJE AC DEL SISTEMA L1-L2","214.0","V","2/12/2025, 2:38:06 p. m."
"TR - IDEO CALI","01 - VOLTAJE AC DEL SISTEMA L1-L2","213.0","V","2/12/2025, 2:41:07 p. m."
"TR - IDEO CALI","01 - VOLTAJE AC DEL SISTEMA L1-L2","214.0","V","2/12/2025, 2:44:08 p. m."
"TR - IDEO CALI","01 - VOLTAJE AC DEL SISTEMA L1-L2","214.0","V","2/12/2025, 2:47:08 p. m."
"TR - IDEO CALI","01 - VOLTAJE AC DEL SISTEMA L1-L2","214.0","V","2/12/2025, 2:50:07 p. m."
"TR - IDEO CALI","01 - VOLTAJE AC DEL SISTEMA L1-L2","213.0","V","2/12/2025, 2:53:06 p. m."
"TR - IDEO CALI","01 - VOLTAJE AC DEL SISTEMA L1-L2","214.0","V","2/12/2025, 2:56:05 p. m."
"TR - IDEO CALI","01 - VOLTAJE AC DEL SISTEMA L1-L2","214.0","V","2/12/2025, 2:59:05 p. m."
"TR - IDEO CALI","01 - VOLTAJE AC DEL SISTEMA L1-L2","214.0","V","2/12/2025, 3:02:05 p. m."
"TR - IDEO CALI","01 - VOLTAJE AC DEL SISTEMA L1-L2","214.0","V","2/12/2025, 3:05:06 p. m."
"TR - IDEO CALI","01 - VOLTAJE AC DEL SISTEMA L1-L2","212.0","V","2/12/2025, 3:08:07 p. m."
"TR - IDEO CALI","01 - VOLTAJE AC DEL SISTEMA L1-L2","214.0","V","2/12/2025, 3:11:07 p. m."
"TR - IDEO CALI","01 - VOLTAJE AC DEL SISTEMA L1-L2","214.0","V","2/12/2025, 3:14:08 p. m."
"TR - IDEO CALI","01 - VOLTAJE AC DEL SISTEMA L1-L2","213.0","V","2/12/2025, 3:17:07 p. m."
"TR - IDEO CALI","01 - VOLTAJE AC DEL SISTEMA L1-L2","214.0","V","2/12/2025, 3:20:06 p. m."
"TR - IDEO CALI","01 - VOLTAJE AC DEL SISTEMA L1-L2","213.0","V","2/12/2025, 3:23:06 p. m."
"TR - IDEO CALI","01 - VOLTAJE AC DEL SISTEMA L1-L2","214.0","V","2/12/2025, 3:26:05 p. m."
"TR - IDEO CALI","01 - VOLTAJE AC DEL SISTEMA L1-L2","213.0","V","2/12/2025, 3:29:05 p. m."
"TR - IDEO CALI","01 - VOLTAJE AC DEL SISTEMA L1-L2","213.0","V","2/12/2025, 3:32:05 p. m."
"TR - IDEO CALI","01 - VOLTAJE AC DEL SISTEMA L1-L2","214.0","V","2/12/2025, 3:35:04 p. m."
"TR - IDEO CALI","01 - VOLTAJE AC DEL SISTEMA L1-L2","214.0","V","2/12/2025, 3:38:05 p. m."
"TR - IDEO CALI","01 - VOLTAJE AC DEL SISTEMA L1-L2","214.0","V","2/12/2025, 3:41:05 p. m."
"TR - IDEO CALI","01 - VOLTAJE AC DEL SISTEMA L1-L2","214.0","V","2/12/2025, 3:44:06 p. m."
"TR - IDEO CALI","01 - VOLTAJE AC DEL SISTEMA L1-L2","214.0","V","2/12/2025, 3:47:07 p. m."
"TR - IDEO CALI","01 - VOLTAJE AC DEL SISTEMA L1-L2","214.0","V","2/12/2025, 3:50:07 p. m."